Workbook

Sheet Cover
A1: Required information E.Info of EN 18031-1
A2: Document name： | B2: RED 18031-1 questionnaire and testing protocol
A3: Version | B3: V1.0
A4: Date | B4: 2025.7.09
A5: Assessed object
A6: Product name
A7: Product Model
A8: Software Version
A9: Developer | B9: SGS Brightsight
A87: UM | B87: QSG
A88: E27527_RT-BE59_UM_EAA | B88: U26937_RT-BE59_folded_EU_QSG_312x450mm_PRINT
A89: Spec
A90: https://www.asus.com/networking-iot-servers/wifi-7/all-series/rt-be59/techspec/

Sheet Interfaces
A1: Interfaces
A2: ID | B2: Name | C2: Category | D2: Sensitive / Confidential / Public (if applicable) | E2: Reference User-Provide Document | F2: Overview | G2: Additional Information
A3: Interface-01 | B3: Wi-Fi Radio (2.4 & 5GHz) | C3: Network interface | D3: Public | E3: ASUS Router HW information in QSG
A4: Interface-02 | B4: LAN Port | C4: Network interface | D4: Public | E4: ASUS Router HW information in QSG | F4: 3 x 1G LAN, 1x2.5G LAN
A5: Interface-03 | B5: WAN Port | C5: Network interface | D5: Public | E5: ASUS Router HW information in QSG | F5: 1 x 2.5G for WAN
A6: Interface-04 | B6: login page | C6: User interface | D6: Sensitive | E6: Web UI screenshot | F6: Local & remote admin portal
A7: Interface-05 | B7: Physical Buttons (Reset / WPS/LED/Power) | C7: User interface | D7: - | E7: ASUS Router HW informatrion in QSG | F7: Tactile control for Wi-Fi, Reset
C8: - | D8: -
C9: - | D9: -
C10: - | D10: -
C11: - | D11: -
C12: - | D12: -
C17: - | D17: -
C18: - | D18: -
C19: - | D19: -
C20: - | D20: -
C21: - | D21: -
C22: - | D22: -
C23: - | D23: -
... C26: - | D26: -

Sheet Generic Network Assets
A1: Network Assets
A2: ID | B2: Name | C2: Category (Network function or Network function configuration) | D2: Sensitive / Confidential / Public (if applicable) | E2: Reference User-Provide Document | F2: Overview | G2: Additional Information
A3: NetworkAsset-01 | B3: WiFi | C3: Network function | D3: Sensitive | E3: [Wireless Router] How to modify Wireless(WiFi) Name and Password in ASUS Router? | Official Support | ASUS Global | F3: This function provides WiFi connectivity. By default, only authorized users can connect using a secure password; however, | G3: Network interface
A4: NetworkAsset-02 | B4: Guest network | C4: Network function | D4: Public | E4: [Wireless Router] How to set up Guest Network on ASUS Router? | Official Support | ASUS Global | F4: A guest network configuration can be enabled to allow access for unauthorized users. | G4: Network interface
A5: NetworkAsset-03 | B5: WiFi configuration | C5: Network configuration | D5: Sensitive | E5: [Wireless Router] How to modify Wireless(WiFi) Name and Password in ASUS Router? | Official Support | ASUS Global | F5: This function provides WiFi connectivity. By default, only authorized users can connect using a secure password; however, a guest network configuration can be enabled to allow access for unauthorized users.
A6: NetworkAsset-04 | B6: LAN(ethernet) | C6: Network function | D6: Sensitive | E6: [Wireless Router] How to change LAN IP of ASUS Wireless Router? | Official Support | ASUS Global | F6: This asset represents the management connection function provided by the AP through the LAN port. It allows administrators to access the AP configuration interface using a local IP to modify settings. | G6: Network interface
A7: NetworkAsset-05 | B7: UPnP function | C7: Network function | D7: Public | E7: [Wireless] How to make my router more secure? | Official Support | ASUS Global | F7: This asset represents the UPnP function available in the management configuration interface. It can be enabled by an administrator to allow additional network discovery or configuration options.
A8: NetworkAsset-06 | B8: UPnP configuration | C8: Network configuration | D8: Sensitive | E8: [Wireless] How to make my router more secure? | Official Support | ASUS Global | F8: This asset represents the UPnP configuration function in the management network configuration interface. It can be enabled by authorized administrators to provide additional network discovery or configuration options.
A9: NetworkAsset-07 | B9: IPv4 settings function | C9: Network function | D9: Public | E9: [Wireless Router] How to set up an Internet Connection?(WAN connection types) | Official Support | ASUS Global | F9: Basic operation of the AP in an IPv4 network. By default, the device operates in DHCP client mode in WAN site and DHCP server in LAN site.
A10: NetworkAsset-08 | B10: IPv4 settings configuration | C10: Network configuration | D10: Sensitive | E10: [Wireless Router] How to set up an Internet Connection?(WAN connection types) | Official Support | ASUS Global | F10: This asset describes the IPv4 configuration of a device.
A11: NetworkAsset-09 | B11: Router SSID | C11: Network configuration | D11: Public | E11: [Wireless Router] How to modify Wireless(WiFi) Name and Password in ASUS Router? | Official Support | ASUS Global
A12: NetworkAsset-10 | B12: Wireless setting configuration | C12: Network configuration | D12: Sensitive | E12: [Wireless Router] How to modify Wireless(WiFi) Name and Password in ASUS Router? | Official Support | ASUS Global
A13: NetworkAsset-11 | B13: Tools function (Ping, Traceroute, NsLookup, Speed Test, LED) | C13: Network function | D13: Sensitive | E13: [Network Tools] How to use Network Analysis(Ping, Traceroute, nslookup) in ASUS Router? | Official Support | ASUS Global | F13: This asset is a preset toolset for trouble shooting, including Ping, WiFi and ethernet packets, Speed ​​Test, LED, etc., and contains some parameters that require users to manually adjust.
A14: NetworkAsset-12 | B14: Tools configuration (Ping, Traceroute, NsLookup, Speed Test, LED) | C14: Network configuration | D14: Sensitive | E14: [Network Tools] How to use Network Analysis(Ping, Traceroute, nslookup) in ASUS Router? | Official Support | ASUS Global
A15: NetworkAsset-13 | B15: Backup/Restore Function | C15: Network function | D15: Sensitive | E15: [Wireless Router] How to upload the configuration files of my ASUS router? | Official Support | ASUS Global | F15: This asset encompasses the backup and restore functionality of the router. It allows network administrators to create secure backups of the devices configuration with password encrypted and system settings, which can be restored in the event of configuration errors, system failures, or during routine maintenance.
A16: NetworkAsset-14 | B16: Backup/Restore Settings | C16: Network configuration | D16: Sensitive | E16: [Wireless Router] How to upload the configuration files of my ASUS router? | Official Support | ASUS Global
A17: NetworkAsset-15 | B17: Syslog function | C17: Network function | D17: Sensitive | E17: [Wireless Router] How to save System Log in my ASUS router? | Official Support | ASUS Global
A18: NetworkAsset-16 | B18: Syslog configuration | C18: Network configuration | D18: Sensitive | E18: [Wireless Router] How to save System Log in my ASUS router? | Official Support | ASUS Global | F18: This asset refers to the syslog functionality of the Access Point. It is designed to collect, store, and forward system logs and event messages generated by the device. The syslog function enables network administrators to monitor system activity, troubleshoot issues, and detect potential security incidents by providing a centralized logging mechanism. It also supports configuration options for directing logs to a remote syslog server and ensuring that critical event data is preserved for analysis and auditing.
A19: NetworkAsset-17 | B19: Traffic Policies (Allow Broadcast/Multicast Traffic, MAC/IP Traffic Filters, Traffic Prioritization ) | C19: Network configuration | D19: Sensitive | E19: [Wireless Router] How to set up IPTV on ASUS router? | Official Support | ASUS Global | F19: Traffic policies manage network flow using MAC/IP filters to allow or block specific traffic, and control broadcast/multicast traffic by allowing you to drop unwanted LAN traffic reaching wireless clients.

Sheet Generic Security Assets
A1: Security Assets
A2: ID | B2: Name | C2: Category (Security function or security parameter) | D2: Sensitive / Confidential / Public | E2: Reference user-provide document | F2: Overview | G2: Additional information
A3: SecurityAsset-01 | B3: AP management websit password authentication | C3: Security function | D3: Confidential | E3: [Wireless Router] How do I enter my ASUS router's setting page using Web GUI? | Official Support | ASUS Global | F3: This asset is primarily used to manage the AP’s WiFi network password authentication mechanism, ensuring that only authorized users can access the AP via its broadcast range and perform system configuration.
A4: SecurityAsset-02 | B4: Access Point User WiFi network password authentication | C4: Security function | D4: Confidential | E4: [Wireless Router] How to modify Wireless(WiFi) Name and Password in ASUS Router? | Official Support | ASUS Global | F4: This password authentication mechanism targets the user WiFi network, allowing only those who enter the correct password to access and use the network.
A5: SecurityAsset-03 | B5: AP user WiFi network password | C5: Security parameter | D5: Confidential | E5: [Wireless Router] How to modify Wireless(WiFi) Name and Password in ASUS Router? | Official Support | ASUS Global | F5: Security parameter for user WiFi networks.
A6: SecurityAsset-04 | B6: AP management websit password | C6: Security parameter | D6: Confidential | E6: [Wireless Router] How do I enter my ASUS router's setting page using Web GUI? | Official Support | ASUS Global | F6: Security parameter for user AP management.
A7: SecurityAsset-05 | B7: AP management websit | C7: Security function | D7: Confidential | E7: [Wireless Router] How do I enter my ASUS router's setting page using Web GUI? | Official Support | ASUS Global | F7: This website is the AP configuration function website, accessible only by authorized administrators for device management and parameter configuration.
A8: SecurityAsset-06 | B8: Firmware Update | C8: Security function | D8: Sensitive | E8: [Wireless Router] How to update the firmware of your router to the latest version ? (WebGUI) | Official Support | ASUS Global | F8: The product supports firmware update management, allowing users to configure the AP via the web interface to automatically or manually download and update firmware versions.
A9: SecurityAsset-07 | B9: WPA2/WPA3 personal function | C9: Security function | D9: Sensitive | E9: [Wireless Router] How to modify Wireless(WiFi) Name and Password in ASUS Router? | Official Support | ASUS Global | F9: This asset refers to the WPA2/WPA3 personal function implemented on the Access Point. It secures wireless communications for user networks by using a pre-shared key (PSK) authentication mechanism.
A10: SecurityAsset-08 | B10: WPA2/WPA3 personal configuration | C10: Security parameter | D10: Sensitive | E10: [Wireless Router] How to modify Wireless(WiFi) Name and Password in ASUS Router? | Official Support | ASUS Global | F10: WPA2/WPA3 personal configuration refers the setting of a secure wireless network using a pre-shared key (PSK) mechanism on the Access Point.
A11: SecurityAsset-09 | B11: WPA2/WPA3 personal passphrase | C11: Security parameter | D11: Confidential | E11: [Wireless Router] How to modify Wireless(WiFi) Name and Password in ASUS Router? | Official Support | ASUS Global | F11: Administrators can set a passphrase for the WiFi network, requiring the password to be between 8 and 63 characters long.
A12: SecurityAsset-10 | B12: WPA2/WPA3 Enterprise function (Radius function) | C12: Security function | D12: Sensitive | E12: [Wireless Router] How to set RADIUS on the wireless of an ASUS router? | Official Support | ASUS Global | F12: The WPA2/WPA3 Enterprise function (RADIUS function) is designed to provide robust, centralized authentication, authorization, and accounting (AAA) for enterprise environments.
A13: SecurityAsset-11 | B13: WPA2/WPA3 Enterprise configuration (Radius) | C13: Security parameter | D13: Sensitive | E13: [Wireless Router] How to set RADIUS on the wireless of an ASUS router? | Official Support | ASUS Global | F13: The configuration process includes entering the RADIUS server’s IP address, port number, and a shared secret that is used to secure the communication between the AP and the RADIUS server.
A14: SecurityAsset-12 | B14: WPA2/WPA3 Enterprise - Radius secret | C14: Security parameter | D14: Confidential | E14: [Wireless Router] How to set RADIUS on the wireless of an ASUS router? | Official Support | ASUS Global | F14: RADIUS secret in WPA2/WPA3 Enterprise configuration is a critical shared secret between the access point and the RADIUS server.
... A17: SecurityAsset-15 | B17: MAC Filter table | C17: Security parameter | D17: Sensitive | E17: [Wireless Router] How to set up Wireless MAC Filter on ASUS Router(WiFi Deny List)? | Official Support | ASUS Global | F17: The MAC Filter table is a component in the MAC Filter configuration on the AP. It stores the list of MAC address entries that determine which devices are allowed or denied network access.
A18: SecurityAsset-16 | B18: DoS protect mechanism | C18: Security function | D18: Confidential | E18: How does DoS protection work? | Official Support | ASUS Global
A19: SecurityAsset-17 | B19: Firewall | C19: Security function | D19: Sensitive | E19: [Wireless Router] Introduction of Firewall on ASUS router | Official Support | ASUS Global | F19: The firewall lets administrators to add custom traffic policies (that is, traffic rules) that apply globally to incoming and outgoing traffic for all WiFi networks. Rules can be added/removed/modified and change priority levels as well.

Sheet TableContent
B2: Note: | C2: The table below lists the requirements of the standard EN18031-1 (column "Requirement") and their respective information to be documented as part of the Technical Documentation (column "Required Information"). The required information can be documented in this template in the respective worksheet (column "Worksheet/tab").
A4: Topic Title | B4: Requirement | C4: Required Information | E4: Worksheet/tab
A5: Access Control Mechanism | B5: ACM-1 | C5: [E.Info.ACM-1.SecurityAsset] | D5: [E.Info.ACM-1.SecurityAsset.Access] | E5: ACM-1.SecAsset
D6: [E.Info.ACM-1.SecurityAsset.PublicAccess]
D7: [E.Info.ACM-1.SecurityAsset.Environment]
D8: [E.Info.ACM-1.SecurityAsset.Legal]
D9: [E.Info.ACM-1.SecurityAsset.ACM]
C10: [E.Info.DT.ACM-1]
C11: [E.Just.DT.ACM-1]
C12: [E.Info.ACM-1.NetworkAsset] | D12: [E.Info.ACM-1.NetworkAsset.Access] | E12: ACM-1.NetAsset
D13: [E.Info.ACM-1.NetworkAsset.PublicAccess]
D14: [E.Info.ACM-1.NetworkAsset.Environment]
D15: [E.Info.ACM-1.NetworkAsset.Legal]
D16: [E.Info.ACM-1.NetworkAsset.ACM]
C17: [E.Info.DT.ACM-1]
C18: [E.Just.DT.ACM-1]
B20: ACM-2 | C20: [E.Info.ACM-2.SecurityAsset] | D20: [E.Info.ACM-2.SecurityAsset.ACM] | E20: ACM-2.SecAsset
C21: [E.Info.DT.ACM-2]
C22: [E.Just.DT.ACM-2]
C23: [E.Info.ACM-2.NetworkAsset] | D23: [E.Info.ACM-2.NetworkAsset.ACM] | E23: ACM-2.NetAsset
C24: [E.Info.DT.ACM-2]
C25: [E.Just.DT.ACM-2]
A27: Authentication Mechanism | B27: AUM-1-1 | C27: [E.Info.AUM-1-1.ACM] | D27: [E.Info.AUM-1-1.ACM.NetworkInterface | E27: AUM-1-1.ACM
D28: [E.Info.AUM-1-1.ACM.ManagedAccessNetworkAsset]
D29: [E.Info.AUM-1-1.ACM.ManagedAccessSecurityAsset]
D30: [E.Info.AUM-1-1.ACM.IntendedFunctionality]
D31: [E.Info.AUM-1-1.ACM.TrustedNetwork]
D32: [E.Info.AUM-1-1.ACM.AuthenticationMechanism]
C33: [E.Info.DT.AUM-1-1]
C34: [E.Just.DT.AUM-1-1]
B35: AUM-1-2 | C35: [E.Info.AUM-1-2.ACM] | D35: [E.Info.AUM-1-2.ACM.UserInterface] | E35: AUM-1-2.ACM
D36: [E.Info.AUM-1-2.ACM.ManagedAccessNetworkAsset]
D37: [E.Info.AUM-1-2.ACM.ManagedAccessSecurityAsset]
D38: [E.Info.AUM-1-2.ACM.IntendedEnvironment]
D39: [E.Info.AUM-1-1.ACM.TrustedNetwork]
D40: [E.Info.AUM-1-2.ACM.AuthenticationMechanism]
C41: [E.Info.DT.AUM-1-2]
C42: [E.Just.DT.AUM-1-2]
B44: AUM-2 | C44: [E.Info.AUM-2.AuthenticationMechanism] | D44: [E.Info.AUM-2.AuthenticationMechanism.AuthFactor] | E44: AUM-2.AUM
C45: [E.Info.DT.AUM-2]
C46: [E.Just.DT.AUM-2]
B48: AUM-3 | C48: [E.Info.AUM-3.AUM] | D48: [E.Info.AUM-3.AuthVal] | E48: AUM-3.AUM
D49: [E.Info.AUM-3.AuthEnv]
C50: [E.Info.DT.AUM-3]
C51: [E.Just.DT.AUM-3]
B53: AUM-4 | C53: [E.Info.AUM-4.AUM] | D53: [E.Info.AUM-4.AuthChange] | E53: AUM-4.AUM
D54: [E.Info.AUM-4.ConfSecGoals]
C55: [E.Info.DT.AUM-4]
C56: [E.Just.DT.AUM-4]
B58: AUM-5-1 | C58: [E.Info.AUM-5-1.AUM] | D58: [E.Info.AUM-5-1.AUM.PwdProperty] | E58: AUM-5-1.AUM
C59: [E.Info.DT.AUM-5-1]
C60: [E.Just.DT.AUM-5-1]
B61: AUM-5-2 | C61: [E.Info.AUM-5-2.AUM] | D61: [E.Info.AUM-5-2.AUM.PwdProperty] | E61: AUM-5-2.AUM
C62: [E.Info.DT.AUM-5-2]
C63: [E.Just.DT.AUM-5-2]
B65: AUM-6 | C65: [E.Info.AUM-6.AUM] | D65: [E.Info.AUM-6.BFProtection] | E65: AUM-6.AUM
C66: [E.Info.DT.AUM-6]
C67: [E.Just.DT.AUM-6]
A69: Secure Update Mechanism | B69: SUM-1 | C69: [E.Info.SUM-1.PartOfSoftw] | D69: [E.Info.SUM-1.PartOfSoftw.FuncSaftyImp] | E69: SUM-1.PartOfSW
D70: [E.Info.SUM-1.PartOfSoftw.Immutable]
D71: [E.Info.SUM-1.PartOfSoftw.AltMeasures]
D72: [E.Info.SUM-1.PartOfSoftw.SUM]
C73: [E.Info.DT.SUM-1]
C74: [E.Just.DT.SUM-1]
B76: SUM-2 | C76: [E.Info.SUM-2.SUM]: | D76: [E.Info.SUM-2.SUM.Sign] | E76: SUM-2.SUM
D77: [E.Info.SUM-2.SUM.SecChan]
D78: [E.Info.SUM-2.SUM.AccContMech
D79: [E.Info.SUM-2.SUM.Generic]
C80: [E.Info.DT.SUM-2]
C81: [E.Just.DT.SUM-2]
B83: SUM-3 | C83: [E.Info.SUM-3.SUM] | D83: [E.Info.SUM-3.SUM.Automation] | E83: SUM-3.SUM
C84: [E.Info.DT.SUM-3]
C85: [E.Just.DT.SUM-3]
A87: Secure Storage Mechanism | B87: SSM-1 | C87: [E.Info.SSM-1.SecurityAsset] | D87: [E.Info.SSM-1.SecurityAsset.Environment] | E87: SSM-1.SecAsset
D88: [E.Info.SSM-1.SecurityAsset.SSM]
C89: [E.Info.DT.SSM-1]
C90: [E.Just.DT.SSM-1]
C91: [E.Info.SSM-1.NetworkAsset]: | D91: [E.Info.SSM-1.NetworkAsset.Environment] | E91: SSM-1.NetAsset
D92: [E.Info.SSM-1.NetworkAsset.SSM]
C93: [E.Info.DT.SSM-1]
C94: [E.Just.DT.SSM-1]
B96: SSM-2 | C96: [E.Info.SSM-2.SSM] | D96: [E.Info.SSM-2.SSM.Asset] | E96: SSM-2.SSM
D97: [E.Info.SSM-2.SSM.DigitalSignature]
D98: [E.Info.SSM-2.SSM.AccessControl]
D99: [E.Info.SSM-2.SSM.OTProgrammable]
D100: [E.Info.SSM-2.SSM.HardwareProtection]
D101: [E.Info.SSM-2.SSM.Generic]
D102: [E.Info.SSM-2.SSM.ComplianceEvidence]
C103: [E.Info.DT.SSM-2]
C104: [E.Just.DT.SSM-2]
B106: SSM-3 | C106: [E.Info.SSM-3.SSM] | D106: [E.Info.SSM-3.Asset] | E106: SSM-3.SSM
D107: [E.Info.SSM-3.SSM.Encryption]
D108: [E.Info.SSM-3.SSM.AccessControl]
D109: [E.Info.SSM-3.SSM.HardwareProtection]
D110: [E.Info.SSM-3.SSM.Generic]
D111: [E.Info.SSM-3.SSM.ComplianceEvidence]
C112: [E.Info.DT.SSM-3]
C113: [E.Just.DT.SSM-3]
A115: Secure Communication Mechanism | B115: SCM-1 | C115: [E.Info.SCM-1.NetworkInterface] | D115: [E.Info.SCM-1.NetworkInterface.Radio] | E115: SCM-1.NetIntf
D116: [E.Info.SCM-1.NetworkInterface.Wired]
...

Sheet ACM-1.SecAsset
A1: [E.Info.ACM-1.SecurityAsset] | D1: Required information | N1: [E.Info.DT.ACM-1] (Conceptual)
A2: Asset ID | B2: Security Asset name | C2: Description of assets accessible by entities | D2: [E.Info.ACM-1.SecurityAsset.Access] (Nessary) | F2: [E.Info.ACM-1.SecurityAsset.PublicAccess] (conditional) | H2: [E.Info.ACM-1.SecurityAsset.Environment] (Conditional) | J2: [E.Info.ACM-1.SecurityAsset.Legal] (Conditional) | L2: [E.Info.ACM-1.SecurityAsset.ACM] (Conditional) | N2: DT.ACM-1.DN-1 | P2: DT.ACM-1.DN-2 | R2: DT.ACM-1.DN-3 | T2: DT.ACM-1.DN-4
C3: The entities to consider are defined in EN18031-1 as "user, device, equipment or service". For users, it can be useful to document also the role (e.g. privileged/administrator user) | D3: possible entities’ accesses to the security asset on the equipment | F3: (if access control by the equipment is absent for public accessibility of the security asset is the equipment’s intended functionality) Description of the equipment’s intended functionality concerning the public accessibility of the security asset | H3: (if access control by the equipment is absent because physical or logical measures in the equipment’s targeted operational environment exist, that limit accessibility to authorized entities) Description of: o physical or logical access control measures in the equipment’s targeted operational environment; and o how entities are authenticated/authorized in the equipment’s targeted operational environment | J3: (if legal implications do not allow for access control mechanisms) References to all corresponding paragraph(s) or passages in all relevant legal documents, including a description on how this is applicable for the equipment or affected asset | L3: (if access control mechanisms are claimed to be required for entities access to the security asset) Description of each access control mechanism that manages entities’ access to the security asset. | N3: Is the public accessibility of the asset the equipment's intended equipment functionality? | P3: Do the physical or logical measures in the targeted operational environment limit the accessability to authorized entites? | R3: Do legal implications not allow access control mechanisms? | T3: Are there access control mechanisms that manage entities'access to the security assets and network assets ?
D4: Does this item exist? | E4: Reference evidence. | F4: Does this item exist? | G4: Reference evidence. | H4: Does this item exist? | I4: Reference evidence. | J4: Does this item exist? | K4: Reference evidence. | L4: Does this item exist? | M4: Reference evidence. | N4: Decision. | O4: Reference evidence. | P4: Decision. | Q4: Reference evidence. | R4: Decision. | S4: Reference evidence. | T4: Decision. | U4: Reference evidence. | V4: SGS Verdict
A5: SecurityAsset-01 | B5: AP management websit password authentication | C5: Follow the overview in Assets list | D5: Yes | E5: [Wireless Router] How do I enter my ASUS router's setting page using Web GUI? | Official Support | ASUS Global | F5: NA | H5: NA | J5: NA | L5: Yes | M5: [Wireless Router] How do I enter my ASUS router's setting page using Web GUI? | Official Support | ASUS Global | N5: No | P5: No | R5: No | T5: Yes | U5: [Wireless Router] How do I enter my ASUS router's setting page using Web GUI? | Official Support | ASUS Global
A6: SecurityAsset-02 | B6: Access Point User WiFi network password authentication | C6: Follow the overview in Assets list | D6: Yes | E6: [Wireless Router] How to modify Wireless(WiFi) Name and Password in ASUS Router? | Official Support | ASUS Global | F6: NA | H6: NA | J6: NA | L6: Yes | M6: [Wireless Router] How to modify Wireless(WiFi) Name and Password in ASUS Router? | Official Support | ASUS Global | N6: No | P6: No | R6: No | T6: Yes | U6: [Wireless Router] How to modify Wireless(WiFi) Name and Password in ASUS Router? | Official Support | ASUS Global
A7: SecurityAsset-03 | B7: AP user WiFi network password | C7: Follow the overview in Assets list | D7: Yes | E7: [Wireless Router] How to modify Wireless(WiFi) Name and Password in ASUS Router? | Official Support | ASUS Global | F7: NA | H7: NA | J7: NA | L7: Yes | M7: [Wireless Router] How to modify Wireless(WiFi) Name and Password in ASUS Router? | Official Support | ASUS Global | N7: No | P7: No | R7: No | T7: Yes | U7: [Wireless Router] How to modify Wireless(WiFi) Name and Password in ASUS Router? | Official Support | ASUS Global
A8: SecurityAsset-04 | B8: AP management websit password | C8: Follow the overview in Assets list | D8: Yes | E8: [Wireless Router] How do I enter my ASUS router's setting page using Web GUI? | Official Support | ASUS Global | F8: NA | H8: NA | J8: NA | L8: Yes | M8: [Wireless Router] How do I enter my ASUS router's setting page using Web GUI? | Official Support | ASUS Global | N8: No | P8: No | R8: No | T8: Yes | U8: [Wireless Router] How do I enter my ASUS router's setting page using Web GUI? | Official Support | ASUS Global
A9: SecurityAsset-05 | B9: AP management websit | C9: Follow the overview in Assets list | D9: Yes | E9: [Wireless Router] How do I enter my ASUS router's setting page using Web GUI? | Official Support | ASUS Global | F9: NA | H9: NA | J9: NA | L9: Yes | M9: [Wireless Router] How do I enter my ASUS router's setting page using Web GUI? | Official Support | ASUS Global | N9: No | P9: No | R9: No | T9: Yes | U9: [Wireless Router] How do I enter my ASUS router's setting page using Web GUI? | Official Support | ASUS Global
A10: SecurityAsset-06 | B10: Firmware Update | C10: Follow the overview in Assets list | D10: Yes | E10: [Wireless Router] How to update the firmware of your router to the latest version ? (WebGUI) | Official Support | ASUS Global | F10: NA | H10: NA | J10: NA | L10: Yes | M10: [Wireless Router] How to update the firmware of your router to the latest version ? (WebGUI) | Official Support | ASUS Global | N10: No | P10: No | R10: No | T10: Yes | U10: [Wireless Router] How to update the firmware of your router to the latest version ? (WebGUI) | Official Support | ASUS Global
A11: SecurityAsset-07 | B11: WPA2/WPA3 personal function | C11: Follow the overview in Assets list | D11: Yes | E11: [Wireless Router] How to modify Wireless(WiFi) Name and Password in ASUS Router? | Official Support | ASUS Global | F11: NA | H11: NA | J11: NA | L11: Yes | M11: [Wireless Router] How to modify Wireless(WiFi) Name and Password in ASUS Router? | Official Support | ASUS Global | N11: No | P11: No | R11: No | T11: Yes | U11: [Wireless Router] How to modify Wireless(WiFi) Name and Password in ASUS Router? | Official Support | ASUS Global
A12: SecurityAsset-08 | B12: WPA2/WPA3 personal configuration | C12: Follow the overview in Assets list | D12: Yes | E12: [Wireless Router] How to modify Wireless(WiFi) Name and Password in ASUS Router? | Official Support | ASUS Global | F12: NA | H12: NA | J12: NA | L12: Yes | M12: [Wireless Router] How to modify Wireless(WiFi) Name and Password in ASUS Router? | Official Support | ASUS Global | N12: No | P12: No | R12: No | T12: Yes | U12: [Wireless Router] How to modify Wireless(WiFi) Name and Password in ASUS Router? | Official Support | ASUS Global
A13: SecurityAsset-09 | B13: WPA2/WPA3 personal passphrase | C13: Follow the overview in Assets list | D13: Yes | E13: [Wireless Router] How to modify Wireless(WiFi) Name and Password in ASUS Router? | Official Support | ASUS Global | F13: NA | H13: NA | J13: NA | L13: Yes | M13: [Wireless Router] How to modify Wireless(WiFi) Name and Password in ASUS Router? | Official Support | ASUS Global | N13: No | P13: No | R13: No | T13: Yes | U13: [Wireless Router] How to modify Wireless(WiFi) Name and Password in ASUS Router? | Official Support | ASUS Global
A14: SecurityAsset-10 | B14: WPA2/WPA3 Enterprise function (Radius function) | C14: Follow the overview in Assets list | D14: Yes | E14: [Wireless Router] How to set RADIUS on the wireless of an ASUS router? | Official Support | ASUS Global | F14: NA | H14: NA | J14: NA | L14: Yes | M14: [Wireless Router] How to set RADIUS on the wireless of an ASUS router? | Official Support | ASUS Global | N14: No | P14: No | R14: No | T14: Yes | U14: [Wireless Router] How to set RADIUS on the wireless of an ASUS router? | Official Support | ASUS Global
A15: SecurityAsset-11 | B15: WPA2/WPA3 Enterprise configuration (Radius) | C15: Follow the overview in Assets list | D15: Yes | E15: [Wireless Router] How to set RADIUS on the wireless of an ASUS router? | Official Support | ASUS Global | F15: NA | H15: NA | J15: NA | L15: Yes | M15: [Wireless Router] How to set RADIUS on the wireless of an ASUS router? | Official Support | ASUS Global | N15: No | P15: No | R15: No | T15: Yes | U15: [Wireless Router] How to set RADIUS on the wireless of an ASUS router? | Official Support | ASUS Global
A16: SecurityAsset-12 | B16: WPA2/WPA3 Enterprise - Radius secret | C16: Follow the overview in Assets list | D16: Yes | E16: [Wireless Router] How to set RADIUS on the wireless of an ASUS router? | Official Support | ASUS Global | F16: NA | H16: NA | J16: NA | L16: Yes | M16: [Wireless Router] How to set RADIUS on the wireless of an ASUS router? | Official Support | ASUS Global | N16: No | P16: No | R16: No | T16: Yes | U16: [Wireless Router] How to set RADIUS on the wireless of an ASUS router? | Official Support | ASUS Global
... A21: SecurityAsset-17 | B21: Global Traffic Filter | C21: Follow the overview in Assets list | D21: Yes | E21: [Wireless Router] Introduction of Firewall on ASUS router | Official Support | ASUS Global | F21: NA | H21: NA | J21: NA | L21: Yes | M21: [Wireless Router] Introduction of Firewall on ASUS router | Official Support | ASUS Global | N21: No | P21: No | R21: No | T21: Yes | U21: [Wireless Router] Introduction of Firewall on ASUS router | Official Support | ASUS Global

Sheet ACM-1.NetAsset
A1: [E.Info.ACM-1.NetworkAsset] | D1: Required information | N1: [E.Info.DT.ACM-1] (Conceptual)
A2: Asset ID | B2: Network Asset name | C2: Description of assets accessible by entities | D2: [E.Info.ACM-1.NetworkAsset.Access] (Nessary) | F2: [E.Info.ACM-1.NetworkAsset.PublicAccess] (conditional) | H2: [E.Info.ACM-1.NetworkAsset.Environment] (Conditional) | J2: [E.Info.ACM-1.NetworkAsset.Legal] (Conditional) | L2: [E.Info.ACM-1.NetworkAsset.ACM] (Conditional) | N2: DT.ACM-1.DN-1 | P2: DT.ACM-1.DN-2 | R2: DT.ACM-1.DN-3 | T2: DT.ACM-1.DN-4
C3: The entities to consider are defined in EN18031-1 as "user, device, equipment or service". For users, it can be useful to document also the role (e.g. privileged/administrator user) | D3: possible entities’ accesses to the network asset on the equipment | F3: (if access control by the equipment is absent for public accessibility of the network asset is the equipment’s intended functionality) Description of the equipment’s intended functionality concerning the public accessibility of the network asset | H3: (if access control by the equipment is absent because physical or logical measures in the equipment’s targeted operational environment exits, that limit accessibility to authorized entities) Description of: o physical or logical access control measures in the equipment’s targeted operational environment; and o how entities are authenticated/authorized in the equipment’s targeted operational environment | J3: (if legal implications do not allow for access control mechanisms) References to all corresponding paragraph(s) or passages in all relevant legal documents, including a description on how this is applicable for the equipment or affected asset | L3: (if access control mechanisms are claimed to be required for entities access to the network asset) Description of each access control mechanism that manages entities’ access to the network asset. | N3: Is the public accessibility of the asset the equipment's intended equipment functionality? | P3: Do the physical or logical measures in the targeted operational environment limit the accessability to authorized entites? | R3: Do legal implications not allow access control mechanisms? | T3: Are there access control mechanisms that manage entities'access to the Network assets?
D4: Does this item exist? | E4: Reference evidence. | F4: Does this item exist? | G4: Reference evidence. | H4: Does this item exist? | I4: Reference evidence. | J4: Does this item exist? | K4: Reference evidence. | L4: Does this item exist? | M4: Reference evidence. | N4: Decision. | O4: Reference evidence. | P4: Decision. | Q4: Reference evidence. | R4: Decision. | S4: Reference evidence. | T4: Decision. | U4: Reference evidence. | V4: SGS Verdict
A5: NetworkAsset-01 | B5: WiFi | C5: Follow the overview in Assist list | D5: Yes | E5: [Wireless Router] How to modify Wireless(WiFi) Name and Password in ASUS Router? | Official Support | ASUS Global | F5: No | H5: No | J5: No | L5: Yes | M5: [Wireless Router] How to modify Wireless(WiFi) Name and Password in ASUS Router? | Official Support | ASUS Global | N5: No | P5: No | R5: No | T5: Yes | U5: [Wireless Router] How to modify Wireless(WiFi) Name and Password in ASUS Router? | Official Support | ASUS Global
A6: NetworkAsset-02 | B6: Guest network | C6: Follow the overview in Assist list | D6: Yes | E6: [Wireless Router] How to set up Guest Network on ASUS Router? | Official Support | ASUS Global | F6: Yes | H6: No | J6: No | N6: Yes | O6: [Wireless Router] How to set up Guest Network on ASUS Router? | Official Support | ASUS Global
A7: NetworkAsset-03 | B7: WiFi configuration | C7: Follow the overview in Assist list | D7: Yes | E7: [Wireless Router] How to modify Wireless(WiFi) Name and Password in ASUS Router? | Official Support | ASUS Global | F7: No | H7: No | J7: No | L7: Yes | M7: [Wireless Router] How to modify Wireless(WiFi) Name and Password in ASUS Router? | Official Support | ASUS Global | N7: No | P7: No | R7: No | T7: Yes | U7: [Wireless Router] How to modify Wireless(WiFi) Name and Password in ASUS Router? | Official Support | ASUS Global
A8: NetworkAsset-04 | B8: LAN(ethernet) | C8: Follow the overview in Assist list | D8: Yes | E8: [Wireless Router] How to change LAN IP of ASUS Wireless Router? | Official Support | ASUS Global | F8: No | H8: Yes | I8: The QSG indicated that the router is for indoor use only. | J8: No | N8: No | P8: Yes | Q8: The QSG indicated that the router is for indoor use only.
A9: NetworkAsset-05 | B9: UPnP function | C9: Follow the overview in Assist list | D9: Yes | E9: [Wireless] How to make my router more secure? | Official Support | ASUS Global | F9: Yes | G9: [Wireless] How to make my router more secure? | Official Support | ASUS Global | H9: Yes | I9: The QSG indicated that the router is for indoor use only. | J9: No | N9: No | P9: Yes | Q9: The QSG indicated that the router is for indoor use only.
A10: NetworkAsset-06 | B10: UPnP configuration | C10: Follow the overview in Assist list | D10: Yes | E10: [Wireless] How to make my router more secure? | Official Support | ASUS Global | F10: No | H10: No | J10: No | L10: Yes | M10: [Wireless] How to make my router more secure? | Official Support | ASUS Global | N10: No | P10: No | R10: No | T10: Yes | U10: [Wireless] How to make my router more secure? | Official Support | ASUS Global
A11: NetworkAsset-07 | B11: IPv4 settings function | C11: Follow the overview in Assist list | D11: Yes | E11: [Wireless Router] How to set up an Internet Connection?(WAN connection types) | Official Support | ASUS Global | F11: Yes | H11: No | J11: No | N11: No | P11: Yes
A12: NetworkAsset-08 | B12: IPv4 settings configuration | C12: Follow the overview in Assist list | D12: Yes | E12: [Wireless Router] How to set up an Internet Connection?(WAN connection types) | Official Support | ASUS Global | F12: No | H12: No | J12: No | L12: Yes | M12: [Wireless Router] How to set up an Internet Connection?(WAN connection types) | Official Support | ASUS Global | N12: No | P12: No | R12: No | T12: Yes | U12: [Wireless Router] How to set up an Internet Connection?(WAN connection types) | Official Support | ASUS Global
A13: NetworkAsset-09 | B13: Router SSID | C13: Follow the overview in Assist list | D13: Yes | E13: [Wireless Router] How to modify Wireless(WiFi) Name and Password in ASUS Router? | Official Support | ASUS Global | F13: Yes | H13: No | J13: No | N13: Yes | O13: [Wireless Router] How to modify Wireless(WiFi) Name and Password in ASUS Router? | Official Support | ASUS Global
A14: NetworkAsset-10 | B14: Wireless setting configuration | C14: Follow the overview in Assist list | D14: Yes | E14: [Wireless Router] How to modify Wireless(WiFi) Name and Password in ASUS Router? | Official Support | ASUS Global | F14: No | H14: No | J14: No | L14: Yes | M14: [Wireless Router] How to modify Wireless(WiFi) Name and Password in ASUS Router? | Official Support | ASUS Global | N14: No | P14: No | R14: No | T14: Yes | U14: [Wireless Router] How to modify Wireless(WiFi) Name and Password in ASUS Router? | Official Support | ASUS Global
A15: NetworkAsset-11 | B15: Tools function (Ping, Traceroute, NsLookup, Speed Test, LED) | C15: Follow the overview in Assist list | D15: Yes | E15: [Network Tools] How to use Network Analysis(Ping, Traceroute, nslookup) in ASUS Router? | Official Support | ASUS Global | F15: No | H15: No | J15: No | L15: Yes | M15: [Network Tools] How to use Network Analysis(Ping, Traceroute, nslookup) in ASUS Router? | Official Support | ASUS Global | N15: No | P15: No | R15: No | T15: Yes | U15: [Network Tools] How to use Network Analysis(Ping, Traceroute, nslookup) in ASUS Router? | Official Support | ASUS Global
A16: NetworkAsset-12 | B16: Tools configuration (Ping, Traceroute, NsLookup, Speed Test, LED) | C16: Follow the overview in Assist list | D16: Yes | E16: [Network Tools] How to use Network Analysis(Ping, Traceroute, nslookup) in ASUS Router? | Official Support | ASUS Global | F16: No | H16: No | J16: No | L16: Yes | M16: [Network Tools] How to use Network Analysis(Ping, Traceroute, nslookup) in ASUS Router? | Official Support | ASUS Global | N16: No | P16: No | R16: No | T16: Yes | U16: [Network Tools] How to use Network Analysis(Ping, Traceroute, nslookup) in ASUS Router? | Official Support | ASUS Global
A17: NetworkAsset-13 | B17: Backup/Restore Function | C17: Follow the overview in Assist list | D17: Yes | E17: [Wireless Router] How to upload the configuration files of my ASUS router? | Official Support | ASUS Global | F17: No | H17: No | J17: No | L17: Yes | M17: [Wireless Router] How to upload the configuration files of my ASUS router? | Official Support | ASUS Global | N17: No | P17: No | R17: No | T17: Yes | U17: [Wireless Router] How to upload the configuration files of my ASUS router? | Official Support | ASUS Global
A18: NetworkAsset-14 | B18: Backup/Restore Settings | C18: Follow the overview in Assist list | D18: Yes | E18: [Wireless Router] How to upload the configuration files of my ASUS router? | Official Support | ASUS Global | F18: No | H18: No | J18: No | L18: Yes | M18: [Wireless Router] How to upload the configuration files of my ASUS router? | Official Support | ASUS Global | N18: No | P18: No | R18: No | T18: Yes | U18: [Wireless Router] How to upload the configuration files of my ASUS router? | Official Support | ASUS Global
A19: NetworkAsset-15 | B19: Syslog function | C19: Follow the overview in Assist list | D19: Yes | E19: [Wireless Router] How to save System Log in my ASUS router? | Official Support | ASUS Global | F19: No | H19: No | J19: No | L19: Yes | M19: [Wireless Router] How to save System Log in my ASUS router? | Official Support | ASUS Global | N19: No | P19: No | R19: No | T19: Yes | U19: [Wireless Router] How to save System Log in my ASUS router? | Official Support | ASUS Global
A20: NetworkAsset-16 | B20: Syslog configuration | C20: Follow the overview in Assist list | D20: Yes | E20: [Wireless Router] How to save System Log in my ASUS router? | Official Support | ASUS Global | F20: No | H20: No | J20: No | L20: Yes | M20: [Wireless Router] How to save System Log in my ASUS router? | Official Support | ASUS Global | N20: No | P20: No | R20: No | T20: Yes | U20: [Wireless Router] How to save System Log in my ASUS router? | Official Support | ASUS Global
A21: NetworkAsset-17 | B21: Traffic Policies (Allow Broadcast/Multicast Traffic, MAC/IP Traffic Filters, Traffic Prioritization ) | C21: Follow the overview in Assist list | D21: Yes | E21: [Wireless Router] How to set up IPTV on ASUS router? | Official Support | ASUS Global | F21: No | H21: No | J21: No | L21: Yes | M21: [Wireless Router] How to set up IPTV on ASUS router? | Official Support | ASUS Global | N21: No | P21: No | R21: No | T21: Yes | U21: [Wireless Router] How to set up IPTV on ASUS router? | Official Support | ASUS Global

Sheet ACM-2.SecAsset
A1: [E.Info.ACM-2.SecurityAsset] | E1: Required information | O1: Conceptual
A2: Asset ID | B2: Security Asset name | C2: Description of assets requiring access control | D2: Implementation categories (IC) | E2: [E.Info.ACM-2.SecurityAsset.ACM] | G2: [IC.ACM-2.RBAC] | I2: [IC.ACM-2.DAC] | K2: [IC.ACM-2.MAC] | M2: [IC.ACM-2.Generic] | O2: [E.Info.ACM-2.SecurityAsset] (Conceptual)
C3: Report the security assets from the worksheet ACM-1.SecAsset where DT.ACM-1.DN-4 is Yes | D3: [IC.ACM-2.RBAC] [IC.ACM-2.DAC] [IC.ACM-2.MAC] [IC.ACM-2.Generic] | E3: Description of each access control mechanism required per ACM-1 that manages entities' access to the security asset and of how the mechanisms ensure that only authorized entities have access to the security asset based on the implementation category. | G3: The methods to validate the appropriateness of the access control mechanism solely rely on role-based access control. | I3: The methods to validate the appropriateness of the access control mechanism solely rely on discretionary access control. | K3: The methods to validate the appropriateness of the access control mechanism solely rely on mandatory access control. | M3: The methods to validate the appropriateness of the access control mechanism do not solely rely on any of the methods described in ACM-2-RBAC, ACM-2-DAC or ACM-2-MAC. | O3: Do the access control mechanisms ensure that only authorized entities have access to the protected security and network asset?
E4: Does this item exist? | F4: Reference evidence. | G4: Does this item exist? | H4: Reference evidence. | I4: Does this item exist? | J4: Reference evidence. | K4: Does this item exist? | L4: Reference evidence. | M4: Does this item exist? | N4: Reference evidence. | O4: Decision. | P4: Reference evidence. | Q4: SGS Verdict
A5: SecurityAsset-01 | B5: AP management websit password authentication | C5: Follow the overview in Assest List previously | D5: [IC.ACM-2.Generic] | E5: Yes | F5: [Wireless Router] How do I enter my ASUS router's setting page using Web GUI? | Official Support | ASUS Global | G5: NA | I5: NA | K5: NA | M5: Yes | N5: [Wireless Router] How do I enter my ASUS router's setting page using Web GUI? | Official Support | ASUS Global | O5: Yes | P5: [Wireless Router] How do I enter my ASUS router's setting page using Web GUI? | Official Support | ASUS Global
A6: SecurityAsset-02 | B6: Access Point User WiFi network password authentication | C6: Follow the overview in Assest List previously | D6: [IC.ACM-2.Generic] | E6: Yes | F6: [Wireless Router] How to modify Wireless(WiFi) Name and Password in ASUS Router? | Official Support | ASUS Global | G6: NA | I6: NA | K6: NA | M6: Yes | N6: [Wireless Router] How to modify Wireless(WiFi) Name and Password in ASUS Router? | Official Support | ASUS Global | O6: Yes | P6: [Wireless Router] How to modify Wireless(WiFi) Name and Password in ASUS Router? | Official Support | ASUS Global
A7: SecurityAsset-03 | B7: AP user WiFi network password | C7: Follow the overview in Assest List previously | D7: [IC.ACM-2.Generic] | E7: Yes | F7: [Wireless Router] How to modify Wireless(WiFi) Name and Password in ASUS Router? | Official Support | ASUS Global | G7: NA | I7: NA | K7: NA | M7: Yes | N7: [Wireless Router] How to modify Wireless(WiFi) Name and Password in ASUS Router? | Official Support | ASUS Global | O7: Yes | P7: [Wireless Router] How to modify Wireless(WiFi) Name and Password in ASUS Router? | Official Support | ASUS Global
A8: SecurityAsset-04 | B8: AP management websit password | C8: Follow the overview in Assest List previously | D8: [IC.ACM-2.Generic] | E8: Yes | F8: [Wireless Router] How do I enter my ASUS router's setting page using Web GUI? | Official Support | ASUS Global | G8: NA | I8: NA | K8: NA | M8: Yes | N8: [Wireless Router] How do I enter my ASUS router's setting page using Web GUI? | Official Support | ASUS Global | O8: Yes | P8: [Wireless Router] How do I enter my ASUS router's setting page using Web GUI? | Official Support | ASUS Global
A9: SecurityAsset-05 | B9: AP management websit | C9: Follow the overview in Assest List previously | D9: [IC.ACM-2.Generic] | E9: Yes | F9: [Wireless Router] How do I enter my ASUS router's setting page using Web GUI? | Official Support | ASUS Global | G9: NA | I9: NA | K9: NA | M9: Yes | N9: [Wireless Router] How do I enter my ASUS router's setting page using Web GUI? | Official Support | ASUS Global | O9: Yes | P9: [Wireless Router] How do I enter my ASUS router's setting page using Web GUI? | Official Support | ASUS Global
A10: SecurityAsset-06 | B10: Firmware Update | C10: Follow the overview in Assest List previously | D10: [IC.ACM-2.Generic] | E10: Yes | F10: [Wireless Router] How to update the firmware of your router to the latest version ? (WebGUI) | Official Support | ASUS Global | G10: NA | I10: NA | K10: NA | M10: Yes | N10: [Wireless Router] How to update the firmware of your router to the latest version ? (WebGUI) | Official Support | ASUS Global | O10: Yes | P10: [Wireless Router] How to update the firmware of your router to the latest version ? (WebGUI) | Official Support | ASUS Global
A11: SecurityAsset-07 | B11: WPA2/WPA3 personal function | C11: Follow the overview in Assest List previously | D11: [IC.ACM-2.Generic] | E11: Yes | F11: [Wireless Router] How to modify Wireless(WiFi) Name and Password in ASUS Router? | Official Support | ASUS Global | G11: NA | I11: NA | K11: NA | M11: Yes | N11: [Wireless Router] How to modify Wireless(WiFi) Name and Password in ASUS Router? | Official Support | ASUS Global | O11: Yes | P11: [Wireless Router] How to modify Wireless(WiFi) Name and Password in ASUS Router? | Official Support | ASUS Global
A12: SecurityAsset-08 | B12: WPA2/WPA3 personal configuration | C12: Follow the overview in Assest List previously | D12: [IC.ACM-2.Generic] | E12: Yes | F12: [Wireless Router] How to modify Wireless(WiFi) Name and Password in ASUS Router? | Official Support | ASUS Global | G12: NA | I12: NA | K12: NA | M12: Yes | N12: [Wireless Router] How to modify Wireless(WiFi) Name and Password in ASUS Router? | Official Support | ASUS Global | O12: Yes | P12: [Wireless Router] How to modify Wireless(WiFi) Name and Password in ASUS Router? | Official Support | ASUS Global
A13: SecurityAsset-09 | B13: WPA2/WPA3 personal passphrase | C13: Follow the overview in Assest List previously | D13: [IC.ACM-2.Generic] | E13: Yes | F13: [Wireless Router] How to modify Wireless(WiFi) Name and Password in ASUS Router? | Official Support | ASUS Global | G13: NA | I13: NA | K13: NA | M13: Yes | N13: [Wireless Router] How to modify Wireless(WiFi) Name and Password in ASUS Router? | Official Support | ASUS Global | O13: Yes | P13: [Wireless Router] How to modify Wireless(WiFi) Name and Password in ASUS Router? | Official Support | ASUS Global
A14: SecurityAsset-10 | B14: WPA2/WPA3 Enterprise function (Radius function) | C14: Follow the overview in Assest List previously | D14: [IC.ACM-2.Generic] | E14: Yes | F14: [Wireless Router] How to set RADIUS on the wireless of an ASUS router? | Official Support | ASUS Global | G14: NA | I14: NA | K14: NA | M14: Yes | N14: [Wireless Router] How to set RADIUS on the wireless of an ASUS router? | Official Support | ASUS Global | O14: Yes | P14: [Wireless Router] How to set RADIUS on the wireless of an ASUS router? | Official Support | ASUS Global
A15: SecurityAsset-11 | B15: WPA2/WPA3 Enterprise configuration (Radius) | C15: Follow the overview in Assest List previously | D15: [IC.ACM-2.Generic] | E15: Yes | F15: [Wireless Router] How to set RADIUS on the wireless of an ASUS router? | Official Support | ASUS Global | G15: NA | I15: NA | K15: NA | M15: Yes | N15: [Wireless Router] How to set RADIUS on the wireless of an ASUS router? | Official Support | ASUS Global | O15: Yes | P15: [Wireless Router] How to set RADIUS on the wireless of an ASUS router? | Official Support | ASUS Global
A16: SecurityAsset-12 | B16: WPA2/WPA3 Enterprise - Radius secret | C16: Follow the overview in Assest List previously | D16: [IC.ACM-2.Generic] | E16: Yes | F16: [Wireless Router] How to set RADIUS on the wireless of an ASUS router? | Official Support | ASUS Global | G16: NA | I16: NA | K16: NA | M16: Yes | N16: [Wireless Router] How to set RADIUS on the wireless of an ASUS router? | Official Support | ASUS Global | O16: Yes | P16: [Wireless Router] How to set RADIUS on the wireless of an ASUS router? | Official Support | ASUS Global
... A21: SecurityAsset-17 | B21: Firewall | C21: Follow the overview in Assest List previously | D21: [IC.ACM-2.Generic] | E21: Yes | F21: [Wireless Router] Introduction of Firewall on ASUS router | Official Support | ASUS Global | G21: NA | I21: NA | K21: NA | M21: Yes | N21: [Wireless Router] Introduction of Firewall on ASUS router | Official Support | ASUS Global | O21: Yes | P21: [Wireless Router] Introduction of Firewall on ASUS router | Official Support | ASUS Global

Sheet ACM-2.NetAsset
A1: [E.Info.ACM-2.NetAsset] | F1: Required information | P1: Conceptual
A2: Asset ID | B2: Network Asset name | C2: Description of assets requiring access control | E2: Implementation categories (IC) | F2: [E.Info.ACM-2.NetworkAsset.ACM] | H2: [IC.ACM-2.RBAC] | J2: [IC.ACM-2.DAC] | L2: [IC.ACM-2.MAC] | N2: [IC.ACM-2.Generic] | P2: [E.Info.ACM-2.NetworkAsset] (Conceptual)
C3: Report the security assets from the worksheet ACM-1.NetAsset where DT.ACM-1.DN-4 is Yes | E3: [IC.ACM-2.RBAC] [IC.ACM-2.DAC] [IC.ACM-2.MAC] [IC.ACM-2.Generic] | F3: Description of each access control mechanism required per ACM-1 that manages entities' access to the network asset and of how the mechanisms ensure that only authorized entities have access to the network asset based on the implementation category. | H3: The methods to validate the appropriateness of the access control mechanism solely rely on role-based access control. | J3: The methods to validate the appropriateness of the access control mechanism solely rely on discretionary access control. | L3: The methods to validate the appropriateness of the access control mechanism solely rely on mandatory access control. | N3: The methods to validate the appropriateness of the access control mechanism do not solely rely on any of the methods described in ACM-2-RBAC, ACM-2-DAC or ACM-2-MAC. | P3: Do the access control mechanisms ensure that only authorized entities have access to the protected security and network asset?
F4: Does this item exist? | G4: Reference evidence. | H4: Does this item exist? | I4: Reference evidence. | J4: Does this item exist? | K4: Reference evidence. | L4: Does this item exist? | M4: Reference evidence. | N4: Does this item exist? | O4: Reference evidence. | P4: Decision. | Q4: Reference evidence. | R4: SGS Verdict
A5: NetworkAsset-01 | B5: WiFi | C5: Follow the overview in Assest List previously | E5: [IC.ACM-2.Generic] | F5: Yes | G5: [Wireless Router] How to modify Wireless(WiFi) Name and Password in ASUS Router? | Official Support | ASUS Global | H5: NA | J5: NA | L5: NA | N5: Yes | O5: [Wireless Router] How to modify Wireless(WiFi) Name and Password in ASUS Router? | Official Support | ASUS Global | P5: Yes | Q5: [Wireless Router] How to modify Wireless(WiFi) Name and Password in ASUS Router? | Official Support | ASUS Global
A6: NetworkAsset-03 | B6: WiFi configuration | C6: Follow the overview in Assest List previously | E6: [IC.ACM-2.Generic] | F6: Yes | G6: [Wireless Router] How to modify Wireless(WiFi) Name and Password in ASUS Router? | Official Support | ASUS Global | H6: NA | J6: NA | L6: NA | N6: Yes | O6: [Wireless Router] How to modify Wireless(WiFi) Name and Password in ASUS Router? | Official Support | ASUS Global | P6: Yes | Q6: [Wireless Router] How to modify Wireless(WiFi) Name and Password in ASUS Router? | Official Support | ASUS Global
A7: NetworkAsset-06 | B7: UPnP configuration | C7: Follow the overview in Assest List previously | E7: [IC.ACM-2.Generic] | F7: Yes | G7: [Wireless] How to make my router more secure? | Official Support | ASUS Global | H7: NA | J7: NA | L7: NA | N7: Yes | O7: [Wireless] How to make my router more secure? | Official Support | ASUS Global | P7: Yes | Q7: [Wireless] How to make my router more secure? | Official Support | ASUS Global
A8: NetworkAsset-08 | B8: IPv4 settings configuration | C8: Follow the overview in Assest List previously | E8: [IC.ACM-2.Generic] | F8: Yes | G8: [Wireless Router] How to set up an Internet Connection?(WAN connection types) | Official Support | ASUS Global | H8: NA | J8: NA | L8: NA | N8: Yes | O8: [Wireless Router] How to set up an Internet Connection?(WAN connection types) | Official Support | ASUS Global | P8: Yes | Q8: [Wireless Router] How to set up an Internet Connection?(WAN connection types) | Official Support | ASUS Global
A9: NetworkAsset-10 | B9: Wireless setting configuration | C9: Follow the overview in Assest List previously | E9: [IC.ACM-2.Generic] | F9: Yes | G9: [Wireless Router] How to modify Wireless(WiFi) Name and Password in ASUS Router? | Official Support | ASUS Global | H9: NA | J9: NA | L9: NA | N9: Yes | O9: [Wireless Router] How to modify Wireless(WiFi) Name and Password in ASUS Router? | Official Support | ASUS Global | P9: Yes | Q9: [Wireless Router] How to modify Wireless(WiFi) Name and Password in ASUS Router? | Official Support | ASUS Global
A10: NetworkAsset-11 | B10: Tools function (Ping, Traceroute, NsLookup, Speed Test, LED) | C10: Follow the overview in Assest List previously | E10: [IC.ACM-2.Generic] | F10: Yes | G10: [Network Tools] How to use Network Analysis(Ping, Traceroute, nslookup) in ASUS Router? | Official Support | ASUS Global | H10: NA | J10: NA | L10: NA | N10: Yes | O10: [Network Tools] How to use Network Analysis(Ping, Traceroute, nslookup) in ASUS Router? | Official Support | ASUS Global | P10: Yes | Q10: [Network Tools] How to use Network Analysis(Ping, Traceroute, nslookup) in ASUS Router? | Official Support | ASUS Global
A11: NetworkAsset-12 | B11: Tools configuration (Ping, Traceroute, NsLookup, Speed Test, LED) | C11: Follow the overview in Assest List previously | E11: [IC.ACM-2.Generic] | F11: Yes | G11: [Network Tools] How to use Network Analysis(Ping, Traceroute, nslookup) in ASUS Router? | Official Support | ASUS Global | H11: NA | J11: NA | L11: NA | N11: Yes | O11: [Network Tools] How to use Network Analysis(Ping, Traceroute, nslookup) in ASUS Router? | Official Support | ASUS Global | P11: Yes | Q11: [Network Tools] How to use Network Analysis(Ping, Traceroute, nslookup) in ASUS Router? | Official Support | ASUS Global
A12: NetworkAsset-13 | B12: Backup/Restore Function | C12: Follow the overview in Assest List previously | E12: [IC.ACM-2.Generic] | F12: Yes | G12: [Wireless Router] How to upload the configuration files of my ASUS router? | Official Support | ASUS Global | H12: NA | J12: NA | L12: NA | N12: Yes | O12: [Wireless Router] How to upload the configuration files of my ASUS router? | Official Support | ASUS Global | P12: Yes | Q12: [Wireless Router] How to upload the configuration files of my ASUS router? | Official Support | ASUS Global
A13: NetworkAsset-14 | B13: Backup/Restore Settings | C13: Follow the overview in Assest List previously | E13: [IC.ACM-2.Generic] | F13: Yes | G13: [Wireless Router] How to upload the configuration files of my ASUS router? | Official Support | ASUS Global | H13: NA | J13: NA | L13: NA | N13: Yes | O13: [Wireless Router] How to upload the configuration files of my ASUS router? | Official Support | ASUS Global | P13: Yes | Q13: [Wireless Router] How to upload the configuration files of my ASUS router? | Official Support | ASUS Global
A14: NetworkAsset-15 | B14: Syslog function | C14: Follow the overview in Assest List previously | E14: [IC.ACM-2.Generic] | F14: Yes | G14: [Wireless Router] How to save System Log in my ASUS router? | Official Support | ASUS Global | H14: NA | J14: NA | L14: NA | N14: Yes | O14: [Wireless Router] How to save System Log in my ASUS router? | Official Support | ASUS Global | P14: Yes | Q14: [Wireless Router] How to save System Log in my ASUS router? | Official Support | ASUS Global
A15: NetworkAsset-16 | B15: Syslog configuration | C15: Follow the overview in Assest List previously | D15: IC.ACM-2.Generic | E15: [IC.ACM-2.Generic] | F15: Yes | G15: [Wireless Router] How to save System Log in my ASUS router? | Official Support | ASUS Global | H15: NA | J15: NA | L15: NA | N15: Yes | O15: [Wireless Router] How to save System Log in my ASUS router? | Official Support | ASUS Global | P15: Yes | Q15: [Wireless Router] How to save System Log in my ASUS router? | Official Support | ASUS Global
A16: NetworkAsset-17 | B16: Traffic Policies (Allow Broadcast/Multicast Traffic, MAC/IP Traffic Filters, Traffic Prioritization ) | C16: Follow the overview in Assest List previously | D16: IC.ACM-2.RBAC | E16: [IC.ACM-2.Generic] | F16: Yes | G16: [Wireless Router] How to set up IPTV on ASUS router? | Official Support | ASUS Global | H16: NA | J16: NA | L16: NA | N16: Yes | O16: [Wireless Router] How to set up IPTV on ASUS router? | Official Support | ASUS Global | P16: Yes | Q16: [Wireless Router] How to set up IPTV on ASUS router? | Official Support | ASUS Global

Sheet AUM-1-1.ACM
A1: [E.Info.AUM-1-1.ACM](Network Interface) | D1: Required information | P1: [E.Info.DT.ACM-1-1] (Conceptual)
A2: Asset ID | B2: Asset name | C2: Description | D2: [E.Info.AUM-1-1.ACM.NetworkInterface] | F2: [E.Info.AUM-1-1.ACM.ManagedAccessNetworkAsset] | H2: [E.Info.AUM-1-1.ACM.ManagedAccessSecurityAsset] | J2: [E.Info.AUM-1-1.ACM.IntendedFunctionality] (Conditional) | L2: [E.Info.AUM-1-1.ACM.AuthorizedEntity] (Conditional) | N2: [E.Info.AUM-1-1.ACM.AuthenticationMechanism] (Conditional) | P2: DT.AUM-1-1.DN-1 | R2: DT.AUM-1-1.DN-2 | T2: DT.AUM-1-1.DN-3
D3: Description of the network interfaces for the managed access | F3: Description of the managed access to network assets via network interfaces | H3: Description of the managed access to security assets via network interfaces | J3: Description of o the unauthenticated accessible network functions or network functions configuration and | L3: Description of the networks and the physical or logical measures in the equipment’s targeted operational environment that limit access to authorized entities; and | N3: Description of the implemented authentication mechanisms. | P3: Is the managed access for network functions or network functions configuration and is the absence of authentication required for the equipment os intended funtionality? | R3: Is the managed access performed over to authorised entities? | T3: Does the managed access use an authentication mechanism?
D4: Does this item exist? | E4: Reference evidence. | F4: Does this item exist? | G4: Reference evidence. | H4: Does this item exist? | I4: Reference evidence. | J4: Does this item exist? | K4: Reference evidence. | L4: Does this item exist? | M4: Reference evidence. | N4: Does this item exist? | O4: Reference evidence. | P4: Decision. | Q4: Reference evidence. | R4: Decision. | S4: Reference evidence. | T4: Decision. | U4: Reference evidence. | V4: SGS Verdict
A5: Interface-01 | B5: Wi-Fi Radio (2.4 & 5GHz) | C5: Follow the overview in Assest List previously | D5: Yes | E5: ASUS Router HW information in QSG | F5: Yes | G5: [Windows 11/10] Connect to a Wi-Fi network | Official Support | ASUS Global | H5: Yes | I5: client with the Wi-Fi password can access the WiFi | J5: Yes | K5: SSID is unauthenticated accessible network functions | L5: NA | N5: Yes | O5: [Wireless Router] How to modify Wireless(WiFi) Name and Password in ASUS Router? | Official Support | ASUS Global | P5: No | R5: No | T5: Yes | U5: [Wireless Router] How to modify Wireless(WiFi) Name and Password in ASUS Router? | Official Support | ASUS Global
A6: Interface-02 | B6: LAN Port | C6: Follow the overview in Assest List previously | D6: No | E6: ASUS Router HW information in QSG | F6: Yes | G6: The QSG indicated that the router is for indoor use only and client connect to LAN port can obtain the IP. | H6: Yes | I6: The QSG indicated that the router is for indoor use only. | J6: Yes | K6: The QSG indicated that the router is for indoor use only. | L6: Yes | M6: The QSG indicated that the router is for indoor use only. | N6: NA | P6: Yes | Q6: The QSG indicated that the router is for indoor use only and client connect to LAN port can obtain the IP.
A7: Interface-03 | B7: WAN Port | C7: Follow the overview in Assest List previously | D7: Yes | E7: ASUS Router HW information in QSG | F7: Yes | G7: [Wireless Router] How to set up ASUS wireless router to access WebGUI/Router App from WAN? | Official Support | ASUS Global | H7: Yes | I7: [Wireless Router] Introduction of Firewall on ASUS router | Official Support | ASUS Global | J7: Yes | K7: WAN port is default enable | L7: NA | N7: Yes | O7: [Wireless Router] How to set up ASUS wireless router to access WebGUI/Router App from WAN? | Official Support | ASUS Global | P7: No | R7: No | T7: Yes | U7: [Wireless Router] How to set up ASUS wireless router to access WebGUI/Router App from WAN? | Official Support | ASUS Global

Sheet AUM-1-2.ACM
A1: [E.Info.AUM-1-2.ACM](User interface) | D1: Required information | R1: [E.Info.DT.AUM-1-2] (Conceptual)
A2: Asset ID | B2: Asset name | C2: Description | D2: [E.Info.AUM-1-2.ACM.UserInterface] | F2: [E.Info.AUM-1-2.ACM.ManagedAccessNetworkAsset] | H2: [E.Info.AUM-1-2.ACM.ManagedAccessSecurityAsset] | J2: [E.Info.AUM-1-2.ACM.IntendedEnvironment] (Conditional) | L2: [E.Info.AUM-1-2.ACM.AuthenticationMechanism] (Conditional) | N2: [E.Info.AUM-1-2.ACM.ReadOnlyFunctionality] (Conditional) | P2: [E.Info.AUM-1-2.ACM.ReadOnlyLegal] (Conditional) | R2: DT.AUM-1-2.DN-1 | T2: DT.AUM-1-2.DN-2 | V2: DT.AUM-1-2.DN-3 | X2: DT.AUM-1-2.DN-4
D3: description of the user interfaces for the managed access | F3: Description of the managed access to network assets via user interfaces | H3: Description of the managed access to security assets via user interfaces | J3: Description of the physical or logical measures in the targeted environment | L3: Description of the implemented authentication mechanisms | N3: Description of the equipment’s intended functionality concerning the absence of authentication for read only access to affected assets via user interfaces | P3: References to all corresponding paragraph(s) or passages in all relevant legal documents, including a description on how this is applicable for the equipment or affected asset | R3: Is the managed access performed over a user interface where physical or logical measures in the targeted environment provide confidence in the correctness of an entity's claim? | T3: Is the managed access only for reading of network functions or network functions configuration where access without authentication is needed to enable the intended equipment functionality? | V3: Is the managed access only for reading of network functions or network functions configuration where access without authentication is needed because legal implications do not allow for authentication mechanisms? | X3: Does the managed access use authentication mechanisms?
D4: Does this item exist? | E4: Reference evidence. | F4: Does this item exist? | G4: Reference evidence. | H4: Does this item exist? | I4: Reference evidence. | J4: Does this item exist? | K4: Reference evidence. | L4: Does this item exist? | M4: Reference evidence. | N4: Does this item exist? | O4: Reference evidence. | P4: Does this item exist? | Q4: Reference evidence. | R4: Decision. | S4: Reference evidence. | T4: Decision. | U4: Reference evidence. | V4: Decision. | W4: Reference evidence. | X4: Decision. | Y4: Reference evidence. | Z4: SGS Verdict | AA4: ASUS response
A5: Interface-04 | B5: login page | C5: Browser-based admin portal itself | D5: Yes | E5: [Wireless Router] How do I enter my ASUS router's setting page using Web GUI? | Official Support | ASUS Global | F5: Yes | G5: [Wireless Router] How do I enter my ASUS router's setting page using Web GUI? | Official Support | ASUS Global | H5: Yes | I5: [Wireless Router] How do I enter my ASUS router's setting page using Web GUI? | Official Support | ASUS Global | L5: Yes | M5: Refer to 18031-1_evidence Login authentication mechanisms | R5: No | T5: No | V5: No | X5: Yes | Y5: [Wireless Router] How do I enter my ASUS router's setting page using Web GUI? | Official Support | ASUS Global
A6: Interface-06 | B6: Physical Buttons (Reset / WPS) | C6: Tactile control for reset, Wi-Fi | D6: Yes | E6: =Cover!A88 | F6: No | H6: No | J6: Yes | K6: The QSG indicated that the router is for indoor use only. | R6: Yes | S6: The QSG indicated that the router is for indoor use only.

Sheet AUM-2.AUM
A1: [E.Info.AUM-2.AuthenticationMechanism] | D1: Required information | F1: [E.Info.DT.AUM-2] (Conceptual)
A2: Asset ID | B2: Asset name | C2: Description | D2: [E.Info.AUM-2.AuthenticationMechanism.AuthFactor] | F2: DT.AUM-2.DN-1
D3: Description of the authenticator | F3: Does the authentication mechanism examine evidence from at least one element of the categories knowledge, possession and inherence (one factor authentication)?
D4: Does this item exist? | E4: Reference evidence. | F4: Decision. | G4: Reference evidence. | H4: SGS Verdict
A5: Interface-01 | B5: Wi-Fi Radio (2.4 & 5GHz) | C5: Follow the overview in Assest List previously | D5: Yes | E5: [Windows 11/10] Connect to a Wi-Fi network | Official Support | ASUS Global | F5: Yes | G5: [Windows 11/10] Connect to a Wi-Fi network | Official Support | ASUS Global
A6: Interface-03 | B6: WAN Port | C6: Follow the overview in Assest List previously | D6: Yes | E6: [Wireless Router] How to set up ASUS wireless router to access WebGUI/Router App from WAN? | Official Support | ASUS Global | F6: Yes | G6: [Wireless Router] How to set up ASUS wireless router to access WebGUI/Router App from WAN? | Official Support | ASUS Global
A7: Interface-04 | B7: login page | C7: Browser-based admin portal itself | D7: Yes | E7: Refer to 18031-1_evidence Login authentication mechanisms | F7: Yes | G7: Refer to 18031-1_evidence Login authentication mechanisms

Sheet AUM-3.AUM
A1: [E.Info.AUM-3.AUM] | E1: Required information | I1: [E.Info.DT.AUM-3] (Conceptual)
A2: Asset ID | B2: Asset name | C2: Description | D2: Implementation categories (IC) | E2: [E.Info.AUM-3.AUM.AuthVal] | G2: [E.Info.AUM-3.AUM.AuthEnv] | I2: DT.AUM-3.DN-1
D3: [IC.AUM-3.Password] [IC.AUM-3.CertificatePrivateKey] [IC.AUM-3.Generic] | E3: Description how the validation of the authenticator is performed including its implementation category and the relevant properties | G3: Description of the available information about the authenticator in the operational environment of use | I3: Does the authentication mechanism validate all relevant properties considering the available information about the authenticator in the operational environments of use?
E4: Does this item exist? | F4: Reference evidence. | G4: Does this item exist? | H4: Reference evidence. | I4: Decision. | J4: Reference evidence. | K4: SGS Verdict
A5: Interface-01 | B5: =Interfaces!B3 | C5: Follow the overview in Assest List previously | D5: [IC.AUM-3.Password] | E5: Yes | F5: [Windows 11/10] Connect to a Wi-Fi network | Official Support | ASUS Global | G5: Yes | H5: [Windows 11/10] Connect to a Wi-Fi network | Official Support | ASUS Global | I5: Yes | J5: [Windows 11/10] Connect to a Wi-Fi network | Official Support | ASUS Global
A6: Interface-03 | B6: WAN Port | C6: Follow the overview in Assest List previously | D6: [IC.AUM-3.Password] | E6: Yes | F6: [Wireless Router] How to set up ASUS wireless router to access WebGUI/Router App from WAN? | Official Support | ASUS Global | G6: Yes | H6: [Wireless Router] How to set up ASUS wireless router to access WebGUI/Router App from WAN? | Official Support | ASUS Global | I6: Yes | J6: [Wireless Router] How to set up ASUS wireless router to access WebGUI/Router App from WAN? | Official Support | ASUS Global
A7: Interface-04 | B7: login page | C7: Browser-based admin portal itself | D7: [IC.AUM-3.Password] | E7: Yes | F7: Refer to 18031-1_evidence Login authentication mechanisms | G7: Yes | H7: Refer to 18031-1_evidence Login authentication mechanisms | I7: Yes | J7: Refer to 18031-1_evidence Login authentication mechanisms
D8: - | E8: - | G8: - | I8: -
D9: - | E9: - | G9: - | I9: -
D10: - | E10: - | G10: - | I10: -
D11: - | E11: - | G11: - | I11: -
D12: - | E12: - | G12: - | I12: -
D13: - | E13: - | G13: - | I13: -

Sheet AUM-4.AUM
A1: [E.Info.AUM-4.AUM] | D1: Required information | H1: [E.Info.DT.AUM-4] (Conceptual)
A2: Asset ID | B2: Asset name | C2: Description | D2: [E.Info.AUM-4.AUM.ConfSecGoals] | F2: [E.Info.AUM-4.AUM.AuthChange] | H2: DT.AUM-4.DN-1 | J2: DT.AUM-4.DN-2
D3: Description of the conflicting security goals from the security concept of the equipment concerning the change of the authenticator | F3: Description for each authentication mechanism documented in [E.Info.AUM-4.AUM] how the change of the authenticator is performed under consideration of the security concept of the equipment | H3: Does the change of the authenticator conflict security goals? | J3: Does the authentication mechanism allow the change of the authenticator?
D4: Does this item exist? | E4: Reference evidence. | F4: Does this item exist? | G4: Reference evidence. | H4: Decision. | I4: Reference evidence. | J4: Decision. | K4: Reference evidence. | L4: SGS Verdict
A5: Interface-01 | B5: =Interfaces!B3 | C5: Follow the overview in Assest List previously | D5: Yes | E5: [Windows 11/10] Connect to a Wi-Fi network | Official Support | ASUS Global | F5: Yes | G5: [Windows 11/10] Connect to a Wi-Fi network | Official Support | ASUS Global | H5: No | I5: [Windows 11/10] Connect to a Wi-Fi network | Official Support | ASUS Global | J5: Yes | K5: [Windows 11/10] Connect to a Wi-Fi network | Official Support | ASUS Global
A6: Interface-03 | B6: WAN Port | C6: Follow the overview in Assest List previously | D6: Yes | E6: [Wireless Router] How to set up ASUS wireless router to access WebGUI/Router App from WAN? | Official Support | ASUS Global | F6: Yes | G6: [Wireless Router] How to set up ASUS wireless router to access WebGUI/Router App from WAN? | Official Support | ASUS Global | H6: No | I6: [Wireless Router] How to set up ASUS wireless router to access WebGUI/Router App from WAN? | Official Support | ASUS Global | J6: Yes | K6: [Wireless Router] How to set up ASUS wireless router to access WebGUI/Router App from WAN? | Official Support | ASUS Global
A7: Interface-04 | B7: login page | C7: Browser-based admin portal itself | D7: Yes | E7: Refer to 18031-1_evidence Change login password section | F7: Yes | G7: Refer to 18031-1_evidence Change login password section | H7: No | I7: Refer to 18031-1_evidence Change login password section | J7: Yes | K7: Refer to 18031-1_evidence Change login password section
D8: - | F8: - | H8: - | J8: -

Sheet AUM-5-1.AUM
A1: [E.Info.AUM-5-1.AUM] | E1: Required information | G1: [E.Info.DT.AUM-5-1] (Conceptual)
A2: Asset ID | B2: Asset name | C2: Description | D2: Implementation categories (IC) | E2: [E.Info.AUM-5-1.AUM.PwdProperty] | G2: DT.AUM-5-1.DN-1 | I2: DT.AUM-5-1.DN-2 | K2: DT.AUM-5-1.DN-3
D3: [IC.AUM-5-1.UniqueBestPractice] [IC.AUM-5-1.EnforceSettingFirstUse] | E3: Description for each authentication mechanism’s factory default password: o (if the implementation is based on [IC.AUM-5-1.UniqueBestPractice]) of how uniqueness and best practice concerning password strengths is implemented for the password with regard to the underlying use case of the authentication; and o (if the implementation is based on [IC.AUM-5-1.EnforceSettingFirstUse]) of how the change of the password is enforced on or before first use. | G3: Is the password enforced to be changed by the user before or on first use? | I3: Is the password unique per equipment? | K3: Does the password follow best practice concerning strength?
E4: Does this item exist? | F4: Reference evidence. | G4: Decision. | H4: Reference evidence. | I4: Decision. | J4: Reference evidence. | K4: Decision. | L4: Reference evidence. | M4: SGS Verdict
A5: Interface-01 | B5: =Interfaces!B3 | C5: Follow the overview in Assest List previously | D5: [IC.AUM-5-1.EnforceSettingFirstUse] | E5: Yes | F5: Refer to 18031-1_evidence Forces the user to define a new password upon the first setup | G5: Yes | H5: Refer to 18031-1_evidence Forces the user to define a new password upon the first setup
A6: Interface-03 | B6: WAN Port | C6: Follow the overview in Assest List previously | D6: [IC.AUM-5-1.EnforceSettingFirstUse] | E6: Yes | F6: Refer to 18031-1_evidence Forces the user to define a new password upon the first setup | G6: Yes | H6: Refer to 18031-1_evidence Forces the user to define a new password upon the first setup
A7: Interface-04 | B7: login page | C7: Browser-based admin portal itself | D7: [IC.AUM-5-1.EnforceSettingFirstUse] | E7: Yes | F7: Refer to 18031-1_evidence Forces the user to define a new password upon the first setup | G7: Yes | H7: Refer to 18031-1_evidence Forces the user to define a new password upon the first setup
D8: - | E8: - | G8: - | I8: - | K8: -

Sheet AUM-5-2.AUM
A1: [E.Info.AUM-5-2.AUM] | E1: Required information | G1: [E.Info.DT.AUM-5-2] (Conceptual)
A2: Asset ID | B2: Asset name | C2: Description | D2: Implementation categories (IC) | E2: [E.Info.AUM-5-2.AUM.PwdProperty] | G2: DT.AUM-5-2.DN-1 | I2: DT.AUM-5-2.DN-2 | K2: DT.AUM-5-2.DN-3
D3: [IC.AUM-5-2.SettingFirstUse] [IC.AUM-5-2.DefinedAuthEntity] [IC.AUM-5-2.EquipmentGenerated] | E3: Description for each authentication mechanism’s non_x0002_factory default password: o (if the implementation is based on [IC.AUM-5-2.SettingFirstUse]) of how the setting of the password is enforced and the means to prevent logical network connection before setting the password; and o (if the implementation is based on [IC.AUM-5-2.DefinedAuthEntity]) of how the definition of the password is restricted to authorized entities and the means to prevent their definition within a network where access is not limited to authorised entities; and o (if the implementation is based on [IC.AUM-5-2.EquipmentGenerated]) of how best practice concerning password strengths is implemented with regard to the underlying use case of the authentication and the means to prevent their communication to unauthorized entities or within a network where access is not limited to authorised entities. | G3: Is the password enforced to be set by the user before or on first use and before the equipment is logically connected to a network? | I3: Is the password defined by an authorized entity within a network where access is limited to authorised entities? | K3: Is the password generated by the equipment using best practice concerning strength and only communicated to an authorized entity within a network where access is limited to authorised entities?
E4: Does this item exist? | F4: Reference evidence. | G4: Decision. | H4: Reference evidence. | I4: Decision. | J4: Reference evidence. | K4: Decision. | L4: Reference evidence. | M4: SGS Verdict
A5: Interface-01 | B5: =Interfaces!B3 | C5: Follow the overview in Assest List previously | D5: [IC.AUM-5-2.SettingFirstUse] | E5: Yes | F5: Refer to 18031-1_evidence Forces the user to define a new password upon the first setup | G5: Yes | H5: Refer to 18031-1_evidence Forces the user to define a new password upon the first setup
A6: Interface-03 | B6: WAN Port | C6: Follow the overview in Assest List previously | D6: [IC.AUM-5-2.SettingFirstUse] | E6: Yes | F6: Refer to 18031-1_evidence Forces the user to define a new password upon the first setup | G6: Yes | H6: Refer to 18031-1_evidence Forces the user to define a new password upon the first setup
A7: Interface-04 | B7: login page | C7: Browser-based admin portal itself | D7: [IC.AUM-5-2.SettingFirstUse] | E7: Yes | F7: Refer to 18031-1_evidence Forces the user to define a new password upon the first setup | G7: Yes | H7: Refer to 18031-1_evidence Forces the user to define a new password upon the first setup

Sheet AUM-6.AUM
A1: [E.Info.AUM-6.AUM] | E1: Required information | G1: [E.Info.DT.AUM-6] (Conceptual)
A2: Asset ID | B2: Asset name | C2: Description | D2: Implementation categories (IC) | E2: [E.Info.AUM-6.AUM.BFProtection] | G2: DT.AUM-6.DN-1
D3: [IC.AUM-6.TimeDelay] [IC.AUM-6.LimitedAttemps] [IC.AUM-6.AuthenticatorComplexity] [IC.AUM-6.Generic] | E3: Description how the resilience against brute force attacks is ensured, considering the implementation categories. | G3: Has the authentication mechanism the capability to be resilient against brute force attacks?
E4: Does this item exist? | F4: Reference evidence. | G4: Decision. | H4: Reference evidence. | I4: SGS Verdict | J4: ASUS response
A5: Interface-01 | B5: =Interfaces!B3 | C5: Follow the overview in Assest List previously | D5: [IC.AUM-6.Generic] | E5: Yes | F5: Refer to 18031-1_evidence .pptx Forces the user to define a new password upon the first setup (initialization) During the initial login process, the user is required to create a password that meets minimum complexity and length requirements. For example, the password must include upper- and lowercase letters, numbers, and special characters. This requirement helps mitigate brute-force attacks by enforcing a strong password policy section. | G5: Yes | H5: Refer to 18031-1_evidence .pptx Forces the user to define a new password upon the first setup (initialization) During the initial login process, the user is required to create a password that meets minimum complexity and length requirements. For example, the password must include upper- and lowercase letters, numbers, and special characters. This requirement helps mitigate brute-force attacks by enforcing a strong password policy section.
A6: Interface-03 | B6: WAN Port | C6: Follow the overview in Assest List previously | D6: [IC.AUM-6.LimitedAttemps] | E6: Yes | F6: Refer to 18031-1_evidence .pptx Forces the user to define a new password upon the first setup (initialization) During the initial login process, the user is required to create a password that meets minimum complexity and length requirements. For example, the password must include upper- and lowercase letters, numbers, and special characters. This requirement helps mitigate brute-force attacks by enforcing a strong password policy section. | G6: Yes | H6: Refer to 18031-1_evidence .pptx Forces the user to define a new password upon the first setup (initialization) During the initial login process, the user is required to create a password that meets minimum complexity and length requirements. For example, the password must include upper- and lowercase letters, numbers, and special characters. This requirement helps mitigate brute-force attacks by enforcing a strong password policy section.
A7: Interface-04 | B7: login page | C7: Browser-based admin portal itself | D7: [IC.AUM-6.LimitedAttemps] | E7: Yes | F7: Refer to 18031-1_evidence .pptx Forces the user to define a new password upon the first setup (initialization) During the initial login process, the user is required to create a password that meets minimum complexity and length requirements. For example, the password must include upper- and lowercase letters, numbers, and special characters. This requirement helps mitigate brute-force attacks by enforcing a strong password policy section. | G7: Yes | H7: Refer to 18031-1_evidence .pptx Forces the user to define a new password upon the first setup (initialization) During the initial login process, the user is required to create a password that meets minimum complexity and length requirements. For example, the password must include upper- and lowercase letters, numbers, and special characters. This requirement helps mitigate brute-force attacks by enforcing a strong password policy section.
A8: Interface-04 | B8: login page | C8: Browser-based admin portal itself | D8: [IC.AUM-6.LimitedAttemps] | E8: Yes | F8: Refer to 18031-1_evidence .pptx Forces the user to define a new password upon the first setup (initialization) During the initial login process, the user is required to create a password that meets minimum complexity and length requirements. For example, the password must include upper- and lowercase letters, numbers, and special characters. This requirement helps mitigate brute-force attacks by enforcing a strong password policy section. | G8: Yes | H8: Refer to 18031-1_evidence .pptx Forces the user to define a new password upon the first setup (initialization) During the initial login process, the user is required to create a password that meets minimum complexity and length requirements. For example, the password must include upper- and lowercase letters, numbers, and special characters. This requirement helps mitigate brute-force attacks by enforcing a strong password policy section.
D9: - | E9: - | G9: -

Sheet SUM-1.PartOfSW
A1: [E.Info.SUM-1.PartOfSoftw.SUM] | D1: Required information | L1: [E.Info.DT.SUM-1] (Conceptual)
A2: Asset ID | B2: Asset name | C2: Description | D2: [E.Info.SUM_x0002_-1.PartOfSoftw.FuncSaftyImp] | F2: [E.Info.SUM_x0002_1.PartOfSoftw.Immutable] | H2: [E.Info.SUM_x0002_-1.PartOfSoftw.AltMeasures] | J2: [E.Info.SUM-1.PartOfSoftw.SUM] | L2: DT.SUM-1.DN-1 | N2: DT.SUM-1.DN-2 | P2: DT.SUM-1.DN-3 | R2: DT.SUM-1.DN-4 | T2: DT.SUM-1.DN-5
D3: Description of: o the functional safety requirements and their source; and o the software’s function relation to the functional safety requirements | F3: Description of the methods that ensure that the part of the software is immutable | H3: Description of: o the security assets and/or network assets the part of the software affects; and o the alternative measures that protect the affected security assets and/or network assets esp. in case of a publicly known exploitable vulnerability affecting the security assets and/or network assets; and o the expected life cycle of the equipment | J3: Description of the update mechanisms that can update the part of the software | L3: Does the part of the software affect security assets and/or network assets? | N3: Do functional safety implications prohibit updatability? | P3: Is the software or firmware immutable? | R3: Do alternative measures exist that protect security assets and/or network assets during the entire lifecycle? | T3: Does the equipment provide at least one update mechanism for updating the part of the software?
D4: Does this item exist? | E4: Reference evidence. | F4: Does this item exist? | G4: Reference evidence. | H4: Does this item exist? | I4: Reference evidence. | J4: Does this item exist? | K4: Reference evidence. | L4: Decision. | M4: Reference evidence. | N4: Decision. | O4: Reference evidence. | P4: Decision. | Q4: Reference evidence. | R4: Decision. | S4: Reference evidence. | T4: Decision. | U4: Reference evidence. | V4: SGS Verdict
A5: SecurityAsset-06 | B5: Firmware Update | C5: Follow the overview in Assest List previously | D5: Yes | E5: All functions are controlled by firmware https://www.asus.com/support/faq/1039292/ | F5: Yes | G5: Refer to the 18031-1_evidence Sign firmware section | H5: Yes | I5: ASUS Product Security Advisory｜ASUS Global | J5: Yes | K5: [Wireless Router] How to update the firmware of your router to the latest version ? (WebGUI) | Official Support | ASUS Global | L5: Yes | M5: https://www.asus.com/support/faq/1039292/ | N5: No | O5: [Wireless Router] How to update the firmware of your router to the latest version ? (WebGUI) | Official Support | ASUS Global | P5: Yes | Q5: Refer to the 18031-1_evidence Sign firmware section | R5: - | T5: -
D6: - | F6: - | H6: - | J6: - | L6: - | N6: - | P6: - | R6: - | T6: -

Sheet SUM-2.SUM
A1: [E.Info.SUM-2.SUM] | E1: Required information | M1: [E.Info.DT.SUM-2] (Conceptual)
A2: Asset ID | B2: Asset name | C2: Description | D2: Implementation categories (IC) | E2: [E.Info.SUM-2.SUM.Sign] | G2: [E.Info.SUM_x0002_-2.SUM.SecChan] | I2: [E.Info.SUM_x0002_-2.SUM.AccContMech] | K2: [E.Info.SUM_x0002_2.SUM.Generic] | M2: DT.SUM-2.DN-1
D3: [IC.SUM-2.AuthIntVal.Sign] [IC.SUM-2.AuthIntVal.SecChan] [IC.SUM-2.AuthIntVal.AccContMech] [IC.SUM-2.AuthIntVal.Generic] | E3: Description of the digital signature scheme used with a description of the underlying best practice cryptography as per [E.Info.CRY-1.Assets.Cryptography] | G3: Description of the secure communication mechanism referring to [E.Info.SCM-1.SCM] with a description of the underlying best practice cryptography as per [E.Info.CRY-1.Assets.Cryptography] | I3: Description of the access control mechanism referring to [E.Info.ACM_x0002_2.SecurityAsset.ACM] and of the hash function referring to [E.Info.CRY_x0002_1.Assets.Cryptography] | K3: Description of the methods used to validate the software’s integrity and authenticity | M3: Does the update mechanism ensure to only install software whose integrity and authenticity are valid at the time of installation?
E4: Does this item exist? | F4: Reference evidence. | G4: Does this item exist? | H4: Reference evidence. | I4: Does this item exist? | J4: Reference evidence. | K4: Does this item exist? | L4: Reference evidence. | M4: Decision. | N4: Reference evidence. | O4: SGS Verdict
A5: SecurityAsset-06 | B5: Firmware Update | C5: Follow the overview in Assest List previously | D5: [IC.SUM-2.AuthIntVal.Sign] | E5: Yes | F5: Refer to the 18031-1_evidence Sign firmware section | G5: Yes | H5: Refer to the 18031-1_evidence Authentication mechanisms’ cryptography section | I5: Yes | J5: Refer to the 18031-1_evidence Admin password hash section | K5: Yes | L5: Refer to the 18031-1_evidence OTA and key change process section | M5: Yes | N5: Refer to the 18031-1_evidence OTA and key change process section
D6: - | E6: - | G6: - | I6: - | K6: - | M6: -
D7: - | E7: - | G7: - | I7: - | K7: - | M7: -
D8: - | E8: - | G8: - | I8: - | K8: - | M8: -
D9: - | E9: - | G9: - | I9: - | K9: - | M9: -
D10: - | E10: - | G10: - | I10: - | K10: - | M10: -
D11: - | E11: - | G11: - | I11: - | K11: - | M11: -
D12: - | E12: - | G12: - | I12: - | K12: - | M12: -
D13: - | E13: - | G13: - | I13: - | K13: - | M13: -
D14: - | E14: - | G14: - | I14: - | K14: - | M14: -
D15: - | E15: - | G15: - | I15: - | K15: - | M15: -
D16: - | E16: - | G16: - | I16: - | K16: - | M16: -
D17: - | E17: - | G17: - | I17: - | K17: - | M17: -
... D22: - | E22: - | G22: - | I22: - | K22: - | M22: -

Sheet SUM-3.SUM
A1: [E.Info.SUM-3.SUM] | D1: Required information | F1: [E.Info.DT.SUM-3] (Conceptual)
A2: Asset ID | B2: Asset name | C2: Description | D2: [E.Info.SUM-3.SUM.Automation] | F2: DT.SUM-3.DN-1 | H2: DT.SUM-3.DN-2 | J2: DT.SUM-3.DN-3
D3: Description of the means to automate the update mechanism | F3: Is the update mechanism capable of updating the software without human intervention at the equipment? | H3: Is the update mechanism capable of updating the software via scheduling the installation of an update under human approval? | J3: Is the update mechanism capable of updating the software via triggering the installation of an update under human approval?
D4: Does this item exist? | E4: Reference evidence. | F4: Decision. | G4: Reference evidence. | H4: Decision. | I4: Reference evidence. | J4: Decision. | K4: Reference evidence. | L4: SGS Verdict
A5: SecurityAsset-06 | B5: Firmware Update | C5: Follow the overview in Assest List previously | D5: Yes | E5: Refer to the 18031-1_evidence Automatic update section | F5: No | G5: Refer to the 18031-1_evidence Automatic update section | H5: Yes | I5: Refer to the 18031-1_evidence Automatic update section | J5: -
D6: - | F6: - | H6: - | J6: -

Sheet SSM-1.SSM
A1: [E.Info.SSM-1.SSM] | D1: Required information | L1: [E.Info.DT.SSM-1] (Conceptual)
A2: Asset ID | B2: Asset name | C2: Description | D2: [E.Info.SSM_x0002_1.SecurityAsset.Environment] | F2: [E.Info.SSM_x0002_1.SecurityAsset.SSM] | H2: [E.Info.SSM_x0002_1.NetworkAsset.Environment] | J2: [E.Info.SSM-1.NetworkAsset.SSM] | L2: DT.SSM-1.DN-1 | N2: DT.SSM-1.DN-2
D3: Description of: o physical or logical measures in the equipment’s targeted operational environment; and o how entities are authenticated/authorized in the equipment’s targeted operational environment | F3: Description of the secure storage mechanism | H3: Description of: o physical or logical measures in the equipment’s targeted operational environment; and o how entities are authenticated/authorized in the equipment’s targeted operational environment | J3: Description of the secure storage mechanism | L3: Is the storage of the network asset or security asset protected by physical or logical measures in the equipment's target operational environment? | N3: Is the storage of the network asset or security asset implemented by a secure storage mechanism?
D4: Does this item exist? | E4: Reference evidence. | F4: Does this item exist? | G4: Reference evidence. | H4: Does this item exist? | I4: Reference evidence. | J4: Does this item exist? | K4: Reference evidence. | L4: Decision. | M4: Reference evidence. | N4: Decision. | O4: Reference evidence. | P4: SGS Verdict
A5: SecurityAsset-03 | B5: AP user WiFi network password | C5: Follow the overview in Assest List previously | D5: Yes | E5: [Wireless Router] How do I enter my ASUS router's setting page using Web GUI? | Official Support | ASUS Global | F5: Yes | G5: Refer to the 18031-1_evidence Securely store sensitive security parameters section | H5: Yes | I5: [Wireless Router] How do I enter my ASUS router's setting page using Web GUI? | Official Support | ASUS Global | J5: Yes | K5: Refer to the 18031-1_evidence Securely store sensitive security parameters section | L5: Yes | M5: Refer to the 18031-1_evidence Securely store sensitive security parameters section | N5: -
A6: SecurityAsset-04 | B6: AP management websit password | C6: Follow the overview in Assest List previously | D6: Yes | E6: [Wireless Router] How do I enter my ASUS router's setting page using Web GUI? | Official Support | ASUS Global | F6: Yes | G6: Refer to the 18031-1_evidence Securely store sensitive security parameters section | H6: Yes | I6: [Wireless Router] How do I enter my ASUS router's setting page using Web GUI? | Official Support | ASUS Global | J6: Yes | K6: Refer to the 18031-1_evidence Securely store sensitive security parameters section | L6: Yes | M6: Refer to the 18031-1_evidence Securely store sensitive security parameters section | N6: -
A7: SecurityAsset-08 | B7: WPA2/WPA3 personal configuration | C7: Follow the overview in Assest List previously | D7: Yes | E7: [Wireless Router] How do I enter my ASUS router's setting page using Web GUI? | Official Support | ASUS Global | F7: Yes | G7: Refer to the 18031-1_evidence Securely store sensitive security parameters section | H7: Yes | I7: [Wireless Router] How do I enter my ASUS router's setting page using Web GUI? | Official Support | ASUS Global | J7: Yes | K7: Refer to the 18031-1_evidence Securely store sensitive security parameters section | L7: Yes | M7: Refer to the 18031-1_evidence Securely store sensitive security parameters section | N7: -
A8: SecurityAsset-09 | B8: WPA2/WPA3 personal passphrase | C8: Follow the overview in Assest List previously | D8: Yes | E8: [Wireless Router] How do I enter my ASUS router's setting page using Web GUI? | Official Support | ASUS Global | F8: Yes | G8: Refer to the 18031-1_evidence Securely store sensitive security parameters section | H8: Yes | I8: [Wireless Router] How do I enter my ASUS router's setting page using Web GUI? | Official Support | ASUS Global | J8: Yes | K8: Refer to the 18031-1_evidence Securely store sensitive security parameters section | L8: Yes | M8: Refer to the 18031-1_evidence Securely store sensitive security parameters section | N8: -
A9: SecurityAsset-10 | B9: WPA2/WPA3 Enterprise function (Radius function) | C9: Follow the overview in Assest List previously | D9: Yes | E9: [Wireless Router] How do I enter my ASUS router's setting page using Web GUI? | Official Support | ASUS Global | F9: Yes | G9: Refer to the 18031-1_evidence Securely store sensitive security parameters section | H9: Yes | I9: [Wireless Router] How do I enter my ASUS router's setting page using Web GUI? | Official Support | ASUS Global | J9: Yes | K9: Refer to the 18031-1_evidence Securely store sensitive security parameters section | L9: Yes | M9: Refer to the 18031-1_evidence Securely store sensitive security parameters section | N9: -
A10: SecurityAsset-11 | B10: WPA2/WPA3 Enterprise configuration (Radius) | C10: Follow the overview in Assest List previously | D10: Yes | E10: [Wireless Router] How do I enter my ASUS router's setting page using Web GUI? | Official Support | ASUS Global | F10: Yes | G10: Refer to the 18031-1_evidence Securely store sensitive security parameters section | H10: Yes | I10: [Wireless Router] How do I enter my ASUS router's setting page using Web GUI? | Official Support | ASUS Global | J10: Yes | K10: Refer to the 18031-1_evidence Securely store sensitive security parameters section | L10: Yes | M10: Refer to the 18031-1_evidence Securely store sensitive security parameters section | N10: -
A11: SecurityAsset-12 | B11: WPA2/WPA3 Enterprise - Radius secret | C11: Follow the overview in Assest List previously | D11: Yes | E11: [Wireless Router] How do I enter my ASUS router's setting page using Web GUI? | Official Support | ASUS Global | F11: Yes | G11: Refer to the 18031-1_evidence Securely store sensitive security parameters section | H11: Yes | I11: [Wireless Router] How do I enter my ASUS router's setting page using Web GUI? | Official Support | ASUS Global | J11: Yes | K11: Refer to the 18031-1_evidence Securely store sensitive security parameters section | L11: Yes | M11: Refer to the 18031-1_evidence Securely store sensitive security parameters section | N11: -
A12: SecurityAsset-14 | B12: MAC Filter configuration | C12: Follow the overview in Assest List previously | D12: Yes | E12: [Wireless Router] How do I enter my ASUS router's setting page using Web GUI? | Official Support | ASUS Global | F12: Yes | G12: Refer to the 18031-1_evidence Securely store sensitive security parameters section | H12: Yes | I12: [Wireless Router] How do I enter my ASUS router's setting page using Web GUI? | Official Support | ASUS Global | J12: Yes | K12: Refer to the 18031-1_evidence Securely store sensitive security parameters section | L12: Yes | M12: Refer to the 18031-1_evidence Securely store sensitive security parameters section | N12: -
A13: SecurityAsset-15 | B13: MAC Filter table | C13: Follow the overview in Assest List previously | D13: Yes | E13: [Wireless Router] How do I enter my ASUS router's setting page using Web GUI? | Official Support | ASUS Global | F13: Yes | G13: Refer to the 18031-1_evidence Securely store sensitive security parameters section | H13: Yes | I13: [Wireless Router] How do I enter my ASUS router's setting page using Web GUI? | Official Support | ASUS Global | J13: Yes | K13: Refer to the 18031-1_evidence Securely store sensitive security parameters section | L13: Yes | M13: Refer to the 18031-1_evidence Securely store sensitive security parameters section | N13: -

Sheet SSM-2.SSM
A1: [E.Info.SSM-2.SSM] | E1: Required information | O1: [E.Info.DT.SSM-2] (Conceptual)
A2: Asset ID | B2: Asset name | C2: Description | D2: Implementation categories (IC) | E2: [E.Info.SSM_x0002_2.SSM.DigitalSignature] | G2: [E.Info.SSM_x0002_2.SSM.AccessControl] | I2: [E.Info.SSM_x0002_2.SSM.OTProgrammable] | K2: [E.Info.SSM_x0002_2.SSM.HardwareProtection] | M2: [E.Info.SSM-2.SSM.Generic] | O2: DT.SSM-2.DN-1
D3: [IC.SSM-2.DigitalSignature] [IC.SSM-2.AccessControl] [IC.SSM-2.OTProgrammable] [IC.SSM-2.HardwareProtection] [IC.SSM-2.Generic] | E3: Description of how integrity protection is realized using digital signature including: o a description of the digital signature mechanism and the cryptography for the security assets and network assets it stores persistently; and o a description of how the cryptographic secret used to derive the signature is provisioned onto or generated by the equipment | G3: Description of how integrity protection is realized using access control mechanisms, including: o a description of the access control mechanisms and the corresponding access rights for the security assets and network assets it stores persistently | I3: Description of how integrity protection is realized using one-time programmable memory, including: o a description of what type of one-time programmable memory is used for the security assets and network assets it stores persistently | K3: Description of how integrity protection is realized using hardware protection including: o a description of what hardware protection is used for the security assets and network assets it stores persistently | M3: Description of the integrity protection mechanism used to protect the security assets or network assets | O3: Is the integrity of the asset protected to ensure that attacks on secure storage do not lead to its manipulation?
E4: Does this item exist? | F4: Reference evidence. | G4: Does this item exist? | H4: Reference evidence. | I4: Does this item exist? | J4: Reference evidence. | K4: Does this item exist? | L4: Reference evidence. | M4: Does this item exist? | N4: Reference evidence. | O4: Decision. | P4: Reference evidence. | Q4: SGS Verdict
A5: SecurityAsset-03 | B5: AP user WiFi network password | C5: Follow the overview in Assest List previously | D5: [IC.SSM-2.AccessControl] | E5: No | F5: - | G5: Yes | H5: [Wireless Router] How do I enter my ASUS router's setting page using Web GUI? | Official Support | ASUS Global | I5: No | K5: No | M5: Yes | N5: Refer to the 18031-1_evidence Securely store sensitive security parameters section | O5: Yes | P5: Refer to the 18031-1_evidence Securely store sensitive security parameters section
A6: SecurityAsset-04 | B6: AP management websit password | C6: Follow the overview in Assest List previously | D6: [IC.SSM-2.AccessControl] | E6: No | F6: - | G6: Yes | H6: [Wireless Router] How do I enter my ASUS router's setting page using Web GUI? | Official Support | ASUS Global | I6: No | K6: No | M6: Yes | N6: Refer to the 18031-1_evidence Securely store sensitive security parameters section | O6: Yes | P6: Refer to the 18031-1_evidence Securely store sensitive security parameters section
A7: SecurityAsset-08 | B7: WPA2/WPA3 personal configuration | C7: Follow the overview in Assest List previously | D7: [IC.SSM-2.AccessControl] | E7: No | F7: - | G7: Yes | H7: [Wireless Router] How do I enter my ASUS router's setting page using Web GUI? | Official Support | ASUS Global | I7: No | K7: No | M7: Yes | N7: Refer to the 18031-1_evidence Securely store sensitive security parameters section | O7: Yes | P7: Refer to the 18031-1_evidence Securely store sensitive security parameters section
A8: SecurityAsset-09 | B8: WPA2/WPA3 personal passphrase | C8: Follow the overview in Assest List previously | D8: [IC.SSM-2.AccessControl] | E8: No | F8: - | G8: Yes | H8: [Wireless Router] How do I enter my ASUS router's setting page using Web GUI? | Official Support | ASUS Global | I8: No | K8: No | M8: Yes | N8: Refer to the 18031-1_evidence Securely store sensitive security parameters section | O8: Yes | P8: Refer to the 18031-1_evidence Securely store sensitive security parameters section
A9: SecurityAsset-10 | B9: WPA2/WPA3 Enterprise function (Radius function) | C9: Follow the overview in Assest List previously | D9: [IC.SSM-2.AccessControl] | E9: No | F9: - | G9: Yes | H9: [Wireless Router] How do I enter my ASUS router's setting page using Web GUI? | Official Support | ASUS Global | I9: No | K9: No | M9: Yes | N9: Refer to the 18031-1_evidence Securely store sensitive security parameters section | O9: Yes | P9: Refer to the 18031-1_evidence Securely store sensitive security parameters section
A10: SecurityAsset-11 | B10: WPA2/WPA3 Enterprise configuration (Radius) | C10: Follow the overview in Assest List previously | D10: [IC.SSM-2.AccessControl] | E10: No | F10: - | G10: Yes | H10: [Wireless Router] How do I enter my ASUS router's setting page using Web GUI? | Official Support | ASUS Global | I10: No | K10: No | M10: Yes | N10: Refer to the 18031-1_evidence Securely store sensitive security parameters section | O10: Yes | P10: Refer to the 18031-1_evidence Securely store sensitive security parameters section
A11: SecurityAsset-12 | B11: WPA2/WPA3 Enterprise - Radius secret | C11: Follow the overview in Assest List previously | D11: [IC.SSM-2.AccessControl] | E11: No | F11: - | G11: Yes | H11: [Wireless Router] How do I enter my ASUS router's setting page using Web GUI? | Official Support | ASUS Global | I11: No | K11: No | M11: Yes | N11: Refer to the 18031-1_evidence Securely store sensitive security parameters section | O11: Yes | P11: Refer to the 18031-1_evidence Securely store sensitive security parameters section
A12: SecurityAsset-14 | B12: MAC Filter configuration | C12: Follow the overview in Assest List previously | D12: [IC.SSM-2.AccessControl] | E12: No | F12: - | G12: Yes | H12: [Wireless Router] How do I enter my ASUS router's setting page using Web GUI? | Official Support | ASUS Global | I12: No | K12: No | M12: Yes | N12: Refer to the 18031-1_evidence Securely store sensitive security parameters section | O12: Yes | P12: Refer to the 18031-1_evidence Securely store sensitive security parameters section
A13: SecurityAsset-15 | B13: MAC Filter table | C13: Follow the overview in Assest List previously | D13: [IC.SSM-2.AccessControl] | E13: No | F13: - | G13: Yes | H13: [Wireless Router] How do I enter my ASUS router's setting page using Web GUI? | Official Support | ASUS Global | I13: No | K13: No | M13: Yes | N13: Refer to the 18031-1_evidence Securely store sensitive security parameters section | O13: Yes | P13: Refer to the 18031-1_evidence Securely store sensitive security parameters section

Sheet SSM-3.SSM
A1: [E.Info.SSM-3.SSM] | E1: Required information | O1: [E.Info.DT.SSM-3] (Conceptual)
A2: Asset ID | B2: Asset name | C2: Description | D2: Implementation categories (IC) | E2: [E.Info.SSM-3.SSM.Asset] | G2: [E.Info.SSM_x0002_3.SSM.Encryption] | I2: [E.Info.SSM_x0002_3.SSM.AccessControl] | K2: [E.Info.SSM_x0002_3.SSM.HardwareProtection] | M2: [E.Info.SSM-3.SSM.Generic] | O2: DN.SSM-3.DN-1
D3: [IC.SSM-3.Encryption] [IC.SSM-3.AccessControl] [IC.SSM-3.HardwareProtection] [IC.SSM-3.Generic] | E3: List of all confidential security parameter and confidential network function configuration it stores persistently | G3: Description of how secrecy is realized using encryption including: o the encryption mechanism and the cryptography that are used to protect the secrecy of the confidential security parameter and confidential network function configuration it stores persistently; and o how the secret used to encrypt the asset was provisioned or derived | I3: Description of how secrecy is realized using access control mechanisms including: o a description of the access control mechanisms including the corresponding access rights for the confidential security parameter and confidential network function configuration it stores persistently | K3: Description of how secrecy is realized using hardware protection including: o a description of what hardware protection is used for the confidential security parameter and confidential network function configuration it stores persistently | M3: Description of the confidentiality protection mechanism used to protect the secrecy of confidential security parameters and confidential network function configuration it stores persistently | O3: Is the secrecy of the confidential security parameter and confidential network function protected to ensure that attacks on secure storage do not lead to its disclosure?
E4: Does this item exist? | F4: Reference evidence. | G4: Does this item exist? | H4: Reference evidence. | I4: Does this item exist? | J4: Reference evidence. | K4: Does this item exist? | L4: Reference evidence. | M4: Does this item exist? | N4: Reference evidence. | O4: Decision. | P4: Reference evidence. | Q4: SGS Verdict
A5: SecurityAsset-03 | B5: AP user WiFi network password | C5: Follow the overview in Assest List previously | D5: [IC.SSM-3.AccessControl] | E5: Yes | F5: Refer to the 18031-1_evidence Securely store sensitive security parameters section | G5: Yes | H5: Refer to the 18031-1_evidence Securely store sensitive security parameters section | I5: Yes | J5: [Wireless Router] How do I enter my ASUS router's setting page using Web GUI? | Official Support | ASUS Global | K5: No | M5: Yes | N5: Refer to the 18031-1_evidence Securely store sensitive security parameters section | O5: Yes | P5: Refer to the 18031-1_evidence Securely store sensitive security parameters section
A6: SecurityAsset-04 | B6: AP management websit password | C6: Follow the overview in Assest List previously | D6: [IC.SSM-3.AccessControl] | E6: Yes | F6: Refer to the 18031-1_evidence Securely store sensitive security parameters section | G6: Yes | H6: Refer to the 18031-1_evidence Securely store sensitive security parameters section | I6: Yes | J6: [Wireless Router] How do I enter my ASUS router's setting page using Web GUI? | Official Support | ASUS Global | K6: No | M6: Yes | N6: Refer to the 18031-1_evidence Securely store sensitive security parameters section | O6: Yes | P6: Refer to the 18031-1_evidence Securely store sensitive security parameters section
A7: SecurityAsset-08 | B7: WPA2/WPA3 personal configuration | C7: Follow the overview in Assest List previously | D7: [IC.SSM-3.AccessControl] | E7: Yes | F7: Refer to the 18031-1_evidence Securely store sensitive security parameters section | G7: Yes | H7: Refer to the 18031-1_evidence Securely store sensitive security parameters section | I7: Yes | J7: [Wireless Router] How do I enter my ASUS router's setting page using Web GUI? | Official Support | ASUS Global | K7: No | M7: Yes | N7: Refer to the 18031-1_evidence Securely store sensitive security parameters section | O7: Yes | P7: Refer to the 18031-1_evidence Securely store sensitive security parameters section
A8: SecurityAsset-09 | B8: WPA2/WPA3 personal passphrase | C8: Follow the overview in Assest List previously | D8: [IC.SSM-3.AccessControl] | E8: Yes | F8: Refer to the 18031-1_evidence Securely store sensitive security parameters section | G8: Yes | H8: Refer to the 18031-1_evidence Securely store sensitive security parameters section | I8: Yes | J8: [Wireless Router] How do I enter my ASUS router's setting page using Web GUI? | Official Support | ASUS Global | K8: No | M8: Yes | N8: Refer to the 18031-1_evidence Securely store sensitive security parameters section | O8: Yes | P8: Refer to the 18031-1_evidence Securely store sensitive security parameters section
A9: SecurityAsset-10 | B9: WPA2/WPA3 Enterprise function (Radius function) | C9: Follow the overview in Assest List previously | D9: [IC.SSM-3.AccessControl] | E9: Yes | F9: Refer to the 18031-1_evidence Securely store sensitive security parameters section | G9: Yes | H9: Refer to the 18031-1_evidence Securely store sensitive security parameters section | I9: Yes | J9: [Wireless Router] How do I enter my ASUS router's setting page using Web GUI? | Official Support | ASUS Global | K9: No | M9: Yes | N9: Refer to the 18031-1_evidence Securely store sensitive security parameters section | O9: Yes | P9: Refer to the 18031-1_evidence Securely store sensitive security parameters section
A10: SecurityAsset-11 | B10: WPA2/WPA3 Enterprise configuration (Radius) | C10: Follow the overview in Assest List previously | D10: [IC.SSM-3.AccessControl] | E10: Yes | F10: Refer to the 18031-1_evidence Securely store sensitive security parameters section | G10: Yes | H10: Refer to the 18031-1_evidence Securely store sensitive security parameters section | I10: Yes | J10: [Wireless Router] How do I enter my ASUS router's setting page using Web GUI? | Official Support | ASUS Global | K10: No | M10: Yes | N10: Refer to the 18031-1_evidence Securely store sensitive security parameters section | O10: Yes | P10: Refer to the 18031-1_evidence Securely store sensitive security parameters section
A11: SecurityAsset-12 | B11: WPA2/WPA3 Enterprise - Radius secret | C11: Follow the overview in Assest List previously | D11: [IC.SSM-3.AccessControl] | E11: Yes | F11: Refer to the 18031-1_evidence Securely store sensitive security parameters section | G11: Yes | H11: Refer to the 18031-1_evidence Securely store sensitive security parameters section | I11: Yes | J11: [Wireless Router] How do I enter my ASUS router's setting page using Web GUI? | Official Support | ASUS Global | K11: No | M11: Yes | N11: Refer to the 18031-1_evidence Securely store sensitive security parameters section | O11: Yes | P11: Refer to the 18031-1_evidence Securely store sensitive security parameters section
A12: SecurityAsset-14 | B12: MAC Filter configuration | C12: Follow the overview in Assest List previously | D12: [IC.SSM-3.AccessControl] | E12: Yes | F12: Refer to the 18031-1_evidence Securely store sensitive security parameters section | G12: Yes | H12: Refer to the 18031-1_evidence Securely store sensitive security parameters section | I12: Yes | J12: [Wireless Router] How do I enter my ASUS router's setting page using Web GUI? | Official Support | ASUS Global | K12: No | M12: Yes | N12: Refer to the 18031-1_evidence Securely store sensitive security parameters section | O12: Yes | P12: Refer to the 18031-1_evidence Securely store sensitive security parameters section
A13: SecurityAsset-15 | B13: MAC Filter table | C13: Follow the overview in Assest List previously | D13: [IC.SSM-3.AccessControl] | E13: Yes | F13: Refer to the 18031-1_evidence Securely store sensitive security parameters section | G13: Yes | H13: Refer to the 18031-1_evidence Securely store sensitive security parameters section | I13: Yes | J13: [Wireless Router] How do I enter my ASUS router's setting page using Web GUI? | Official Support | ASUS Global | K13: No | M13: Yes | N13: Refer to the 18031-1_evidence Securely store sensitive security parameters section | O13: Yes | P13: Refer to the 18031-1_evidence Securely store sensitive security parameters section
D14: - | F14: - | G14: - | I14: - | K14: - | M14: - | O14: -
D15: - | F15: - | G15: - | I15: - | K15: - | M15: - | O15: -
D16: - | F16: - | G16: - | I16: - | K16: - | M16: - | O16: -
D17: - | F17: - | G17: - | I17: - | K17: - | M17: - | O17: -
D18: - | F18: - | G18: - | I18: - | K18: - | M18: - | O18: -
D19: - | F19: - | G19: - | I19: - | K19: - | M19: - | O19: -
D20: - | F20: - | G20: - | I20: - | K20: - | M20: - | O20: -
D21: - | F21: - | G21: - | I21: - | K21: - | M21: - | O21: -
D22: - | F22: - | G22: - | I22: - | K22: - | M22: - | O22: -

Sheet SCM-1.NetIntf
A1: [E.Info.SCM-1.NetworkInterface] | D1: Required information | N1: [E.Info.DT.SCM-1] (Conceptual)
A2: Asset ID | B2: Asset name | C2: Description | D2: [E.Info.SCM-1.NetworkInterface.Radio] | F2: [E.Info.SCM-1.NetworkInterface.Wired] | H2: [E.Info.SCM-1.NetworkInterface.Optical] | J2: [E.Info.SCM-1.NetworkInterface.Acoustic] | L2: [E.Info.SCM-1.NetworkInterface.Protocol] | N2: DT.SCM-1.DN-1 | P2: DT.SCM-1.DN-2 | R2: DT.SCM-1.DN-3
D3: Technology used, the occupied radio spectrum, the transmission power used on the radio interface and the modes of operation that are implemented | F3: Electrical characteristics used on the wired interface and the modes of operation that are implemented | H3: Optical technology used on the interface and the modes of operation that are implemented | J3: Acoustic technology used on the interface and the modes of operation that are implemented | L3: Description of all communication protocols implemented on the interface documented in [E.Info.SCM_x0002_1.NetworkInterface.Radio], [E.Info.SCM-1.NetworkInterface.Wired], [E.Info.SCM_x0002_1.NetworkInterface.Optical] or [E.Info.SCM-1.NetworkInterface.Acoustic] and the modes of operation that are implemented, the version of the protocol and, if applicable, the SW library that is used for the implementation | N3: Is the secure communication of network assets or security assets ensured by a secure communication mechanism? | P3: Is the temporary exposure of network assets or security assets required as part of establishing or managing a connection? | R3: Does the targeted environment ensure that network assets or security assets are not exposed to unauthorised entities?
D4: Does this item exist? | E4: Reference evidence. | F4: Does this item exist? | G4: Reference evidence. | H4: Does this item exist? | I4: Reference evidence. | J4: Does this item exist? | K4: Reference evidence. | L4: Does this item exist? | M4: Reference evidence. | N4: Decision. | O4: Reference evidence. | P4: Decision. | Q4: Reference evidence. | R4: Decision. | S4: Reference evidence. | T4: SGS Verdict
A5: Interface-01 | B5: Wi-Fi Radio (2.4 & 5GHz) | C5: Follow the overview in Assest List previously | D5: Yes | E5: =Cover!B88 | F5: No | H5: No | J5: No | L5: Yes | M5: =Cover!A90 | N5: Yes | O5: [Windows 11/10] Connect to a Wi-Fi network | Official Support | ASUS Global | P5: - | R5: -
A6: Interface-02 | B6: LAN Port | C6: Follow the overview in Assest List previously | D6: No | F6: Yes | G6: =Cover!B88 | H6: No | J6: No | L6: Yes | M6: =Cover!A90 | N6: Yes | O6: [Wireless Router] How to access my ASUS router’s web GUI setting page via HTTPS? | Official Support | ASUS Global | P6: - | R6: -
A7: Interface-03 | B7: WAN Port | C7: Follow the overview in Assest List previously | D7: No | F7: Yes | G7: =Cover!B88 | H7: No | J7: No | L7: Yes | M7: =Cover!A90 | N7: Yes | O7: [Wireless Router] How to access my ASUS router’s web GUI setting page via HTTPS? | Official Support | ASUS Global | P7: - | R7: -
D8: - | F8: - | H8: - | J8: - | L8: - | N8: - | P8: - | R8: -
D9: - | F9: - | H9: - | J9: - | L9: - | N9: - | P9: - | R9: -
D10: - | F10: - | H10: - | J10: - | L10: - | N10: - | P10: - | R10: -
D11: - | F11: - | H11: - | J11: - | L11: - | N11: - | P11: - | R11: -
D12: - | F12: - | H12: - | J12: - | L12: - | N12: - | P12: - | R12: -
D13: - | F13: - | H13: - | J13: - | L13: - | N13: - | P13: - | R13: -
D14: - | F14: - | H14: - | J14: - | L14: - | N14: - | P14: - | R14: -
D15: - | F15: - | H15: - | J15: - | L15: - | N15: - | P15: - | R15: -
D16: - | F16: - | H16: - | J16: - | L16: - | N16: - | P16: - | R16: -
D17: - | F17: - | H17: - | J17: - | L17: - | N17: - | P17: - | R17: -
D18: - | F18: - | H18: - | J18: - | L18: - | N18: - | P18: - | R18: -
D19: - | F19: - | H19: - | J19: - | L19: - | N19: - | P19: - | R19: -
... D22: - | F22: - | H22: - | J22: - | L22: - | N22: - | P22: - | R22: -

Sheet SCM-1.SecAsset
A1: [E.Info.SCM-1.SecurityAsset] | D1: Required information
A2: Asset ID | B2: Asset name | C2: Description | D2: [E.Info.SCM-1.SecurityAsset.Class] | F2: [E.Info.SCM-1.SecurityAsset.Com] | H2: [E.Info.SCM-1.SecurityAsset.NetworkInterface] | J2: [E.Info.SCM-1.SecurityAsset.Environment] | L2: [E.Info.SCM_x0002_1.SecurityAsset.AddMeasures]
D3: Security asset classification (e.g. root keys, master keys, wrapper keys or public keys) where security assets may be listed in groups as a single category if they are part of the same use case and the same security level | F3: Description of the use case where the asset is communicated (e.g. pairing with base station) over a network interface documented in [E.Info.SCM-1.NetworkInterface] | H3: Network interface used for communication of the security asset (from [E.Info.SCM-1.NetworkInterface]) | J3: Description of the physical or logical measures in the equipment’s targeted operational environment that ensure that the assets are not exposed to unauthorised entities | L3: Description of the implemented additional measures to authenticate the connection or trust relation
D4: Does this item exist? | E4: Reference evidence. | F4: Does this item exist? | G4: Reference evidence. | H4: Does this item exist? | I4: Reference evidence. | J4: Does this item exist? | K4: Reference evidence. | L4: Does this item exist? | M4: Reference evidence. | N4: SGS Verdict
A5: SecurityAsset-01 | B5: AP management websit password authentication | C5: Follow the overview in Assest List previously | D5: No | F5: Yes | G5: [Wireless Router] How to access my ASUS router’s web GUI setting page via HTTPS? | Official Support | ASUS Global | H5: Yes | I5: Radio or wired | J5: Yes | K5: [Wireless Router] How to access my ASUS router’s web GUI setting page via HTTPS? | Official Support | ASUS Global | L5: No
A6: SecurityAsset-02 | B6: Access Point User WiFi network password authentication | C6: Follow the overview in Assest List previously | D6: No | F6: Yes | G6: [Wireless Router] How to access my ASUS router’s web GUI setting page via HTTPS? | Official Support | ASUS Global | H6: Yes | I6: Radio | J6: Yes | K6: [Wireless Router] How to access my ASUS router’s web GUI setting page via HTTPS? | Official Support | ASUS Global | L6: No
A7: SecurityAsset-03 | B7: AP user WiFi network password | C7: Follow the overview in Assest List previously | D7: Yes | E7: Pre-shared Key | F7: Yes | G7: [Wireless Router] How to access my ASUS router’s web GUI setting page via HTTPS? | Official Support | ASUS Global | H7: Yes | I7: Radio | J7: Yes | K7: [Wireless Router] How to access my ASUS router’s web GUI setting page via HTTPS? | Official Support | ASUS Global | L7: No
A8: SecurityAsset-04 | B8: AP management websit password | C8: Follow the overview in Assest List previously | D8: Yes | E8: Master key | F8: Yes | G8: [Wireless Router] How to access my ASUS router’s web GUI setting page via HTTPS? | Official Support | ASUS Global | H8: Yes | I8: Radio or wired | J8: Yes | K8: [Wireless Router] How to access my ASUS router’s web GUI setting page via HTTPS? | Official Support | ASUS Global | L8: No
A9: SecurityAsset-05 | B9: AP management websit | C9: Follow the overview in Assest List previously | D9: No | F9: Yes | G9: [Wireless Router] How to access my ASUS router’s web GUI setting page via HTTPS? | Official Support | ASUS Global | H9: Yes | I9: Radio or wired | J9: Yes | K9: [Wireless Router] How to access my ASUS router’s web GUI setting page via HTTPS? | Official Support | ASUS Global | L9: No
A10: SecurityAsset-06 | B10: Firmware Update | C10: Follow the overview in Assest List previously | D10: Yes | E10: Refer to the 18031-1_evidence Sign firmware section | F10: Yes | G10: [Wireless Router] How to update the firmware of your router to the latest version ? (WebGUI) | Official Support | ASUS Global | H10: Yes | I10: Radio or wired | J10: Yes | K10: [Wireless Router] How to update the firmware of your router to the latest version ? (WebGUI) | Official Support | ASUS Global | L10: No
A11: SecurityAsset-07 | B11: WPA2/WPA3 personal function | C11: Follow the overview in Assest List previously | D11: No | F11: Yes | G11: [Windows 11/10] Connect to a Wi-Fi network | Official Support | ASUS Global | H11: Yes | I11: Radio | J11: Yes | K11: [Wireless Router] What is WPA3? What are the advantages of using WPA3? | Official Support | ASUS Global | L11: No
A12: SecurityAsset-08 | B12: WPA2/WPA3 personal configuration | C12: Follow the overview in Assest List previously | D12: No | F12: Yes | G12: [Windows 11/10] Connect to a Wi-Fi network | Official Support | ASUS Global | H12: Yes | I12: Radio or wired | J12: Yes | K12: [Wireless Router] What is WPA3? What are the advantages of using WPA3? | Official Support | ASUS Global | L12: No
A13: SecurityAsset-09 | B13: WPA2/WPA3 personal passphrase | C13: Follow the overview in Assest List previously | D13: Yes | E13: Pre-shared Key | F13: Yes | G13: [Windows 11/10] Connect to a Wi-Fi network | Official Support | ASUS Global | H13: Yes | I13: Radio | J13: Yes | K13: [Wireless Router] What is WPA3? What are the advantages of using WPA3? | Official Support | ASUS Global | L13: No
A14: SecurityAsset-10 | B14: WPA2/WPA3 Enterprise function (Radius function) | C14: Follow the overview in Assest List previously | D14: No | F14: Yes | G14: [Wireless Router] How to set RADIUS on the wireless of an ASUS router? | Official Support | ASUS Global | H14: Yes | I14: Radio | J14: Yes | K14: [Wireless Router] How to set RADIUS on the wireless of an ASUS router? | Official Support | ASUS Global | L14: No
A15: SecurityAsset-11 | B15: WPA2/WPA3 Enterprise configuration (Radius) | C15: Follow the overview in Assest List previously | D15: No | F15: Yes | G15: [Wireless Router] How to set RADIUS on the wireless of an ASUS router? | Official Support | ASUS Global | H15: Yes | I15: Radio or wired | J15: Yes | K15: [Wireless Router] How to set RADIUS on the wireless of an ASUS router? | Official Support | ASUS Global | L15: No
A16: SecurityAsset-12 | B16: WPA2/WPA3 Enterprise - Radius secret | C16: Follow the overview in Assest List previously | D16: Yes | E16: Pre share key | F16: Yes | G16: [Wireless Router] How to set RADIUS on the wireless of an ASUS router? | Official Support | ASUS Global | H16: Yes | I16: Radio or wired | J16: Yes | K16: [Wireless Router] How to set RADIUS on the wireless of an ASUS router? | Official Support | ASUS Global | L16: No
A17: SecurityAsset-13 | B17: MAC Filter function | C17: Follow the overview in Assest List previously | D17: No | F17: No | H17: No | J17: Yes | K17: [Wireless Router] How to access my ASUS router’s web GUI setting page via HTTPS? | Official Support | ASUS Global | L17: No
A18: SecurityAsset-14 | B18: MAC Filter configuration | C18: Follow the overview in Assest List previously | D18: No | F18: No | H18: No | J18: Yes | K18: [Wireless Router] How to access my ASUS router’s web GUI setting page via HTTPS? | Official Support | ASUS Global | L18: No
A19: SecurityAsset-15 | B19: MAC Filter table | C19: Follow the overview in Assest List previously | D19: No | F19: No | H19: No | J19: Yes | K19: [Wireless Router] How to access my ASUS router’s web GUI setting page via HTTPS? | Official Support | ASUS Global | L19: No
A20: SecurityAsset-16 | B20: DoS protect mechanism | C20: Follow the overview in Assest List previously | D20: No | F20: No | H20: No | J20: Yes | K20: [Wireless Router] How to access my ASUS router’s web GUI setting page via HTTPS? | Official Support | ASUS Global | L20: No
A21: SecurityAsset-17 | B21: Firewall | C21: Follow the overview in Assest List previously | D21: No | F21: No | H21: No | J21: Yes | K21: [Wireless Router] How to access my ASUS router’s web GUI setting page via HTTPS? | Official Support | ASUS Global | L21: No
D22: - | F22: - | H22: - | J22: - | L22: -

Sheet SCM-1.NetAsset
A1: [E.Info.SCM-1.NetworkAsset] | D1: Required information
A2: Asset ID | B2: Asset name | C2: Description | D2: [E.Info.SCM-1.NetworkAsset.Class] | F2: [E.Info.SCM-1.NetworkAsset.Com] | H2: [E.Info.SCM-1.NetworkAsset.NetInterface] | J2: [E.Info.SCM-1.NetworkAsset.Environment] | L2: [E.Info.SCM_x0002_1.NetworkAssets.AddMeasures]
D3: Network asset classification (e.g., network configuration, sensitive network access parameters); network assets may be grouped listed as a single category if they are part of the same use case and the same security level | F3: Description of the use case where the asset is communicated (e.g. pairing with base station) over a network interface documented in [E.Info.SCM-1.NetworkInterface] | H3: Network interface used for communication of the network asset (from [E.Info.SCM-1.NetworkInterface]) | J3: Description of the physical or logical measures in the equipment’s targeted operational environment that ensures the assets are not exposed to unauthorised entities | L3: Description of the implemented additional measures to authenticate the connection or trust relation
D4: Does this item exist? | E4: Reference evidence. | F4: Does this item exist? | G4: Reference evidence. | H4: Does this item exist? | I4: Reference evidence. | J4: Does this item exist? | K4: Reference evidence. | L4: Does this item exist? | M4: Reference evidence. | N4: SGS Verdict
A5: NetworkAsset-01 | B5: WiFi | C5: Follow the overview in Assest List previously | D5: Yes | E5: Internet network access | F5: Yes | G5: [Wireless Router] How to modify Wireless(WiFi) Name and Password in ASUS Router? | Official Support | ASUS Global | H5: Yes | I5: Radio | J5: Yes | K5: [Wireless Router] How to modify Wireless(WiFi) Name and Password in ASUS Router? | Official Support | ASUS Global | L5: No
A6: NetworkAsset-03 | B6: WiFi configuration | C6: Follow the overview in Assest List previously | D6: Yes | E6: network configuration | F6: Yes | G6: [Wireless Router] How to modify Wireless(WiFi) Name and Password in ASUS Router? | Official Support | ASUS Global | H6: Yes | I6: Radio or wired | J6: Yes | K6: [Wireless Router] How to modify Wireless(WiFi) Name and Password in ASUS Router? | Official Support | ASUS Global | L6: No
A7: NetworkAsset-06 | B7: UPnP configuration | C7: Follow the overview in Assest List previously | D7: Yes | E7: network configuration | F7: Yes | G7: [Wireless] How to make my router more secure? | Official Support | ASUS Global | H7: Yes | I7: Radio or wired | J7: Yes | K7: [Wireless] How to make my router more secure? | Official Support | ASUS Global | L7: No
A8: NetworkAsset-08 | B8: IPv4 settings configuration | C8: Follow the overview in Assest List previously | D8: Yes | E8: network configuration | F8: Yes | G8: [Wireless Router] How to set up an Internet Connection?(WAN connection types) | Official Support | ASUS Global | H8: Yes | I8: Radio or wired | J8: Yes | K8: [Wireless Router] How to set up an Internet Connection?(WAN connection types) | Official Support | ASUS Global | L8: No
A9: NetworkAsset-10 | B9: Wireless setting configuration | C9: Follow the overview in Assest List previously | D9: Yes | E9: network configuration | F9: Yes | G9: [Wireless Router] How to modify Wireless(WiFi) Name and Password in ASUS Router? | Official Support | ASUS Global | H9: Yes | I9: Radio or wired | J9: Yes | K9: [Wireless Router] How to modify Wireless(WiFi) Name and Password in ASUS Router? | Official Support | ASUS Global | L9: No
A10: NetworkAsset-11 | B10: Tools function (Ping, Traceroute, NsLookup, Speed Test, LED) | C10: Follow the overview in Assest List previously | D10: Yes | E10: management tool | F10: Yes | G10: [Network Tools] How to use Network Analysis(Ping, Traceroute, nslookup) in ASUS Router? | Official Support | ASUS Global | H10: Yes | I10: Radio or wired | J10: Yes | K10: [Network Tools] How to use Network Analysis(Ping, Traceroute, nslookup) in ASUS Router? | Official Support | ASUS Global | L10: No
A11: NetworkAsset-12 | B11: Tools configuration (Ping, Traceroute, NsLookup, Speed Test, LED) | C11: Follow the overview in Assest List previously | D11: Yes | E11: management tool | F11: Yes | G11: [Network Tools] How to use Network Analysis(Ping, Traceroute, nslookup) in ASUS Router? | Official Support | ASUS Global | H11: Yes | I11: Radio or wired | J11: Yes | K11: [Network Tools] How to use Network Analysis(Ping, Traceroute, nslookup) in ASUS Router? | Official Support | ASUS Global | L11: No
A12: NetworkAsset-13 | B12: Backup/Restore Function | C12: Follow the overview in Assest List previously | D12: Yes | E12: management tool | F12: Yes | G12: [Wireless Router] How to upload the configuration files of my ASUS router? | Official Support | ASUS Global | H12: Yes | I12: Radio or wired | J12: Yes | K12: [Wireless Router] How to upload the configuration files of my ASUS router? | Official Support | ASUS Global | L12: No
A13: NetworkAsset-14 | B13: Backup/Restore Settings | C13: Follow the overview in Assest List previously | D13: Yes | E13: management tool | F13: Yes | G13: [Wireless Router] How to upload the configuration files of my ASUS router? | Official Support | ASUS Global | H13: Yes | I13: Radio or wired | J13: Yes | K13: [Wireless Router] How to upload the configuration files of my ASUS router? | Official Support | ASUS Global | L13: No
A14: NetworkAsset-15 | B14: Syslog function | C14: Follow the overview in Assest List previously | D14: Yes | E14: management tool | F14: Yes | G14: [Wireless Router] How to save System Log in my ASUS router? | Official Support | ASUS Global | H14: Yes | I14: Radio or wired | J14: Yes | K14: [Wireless Router] How to save System Log in my ASUS router? | Official Support | ASUS Global | L14: No
A15: NetworkAsset-16 | B15: Syslog configuration | C15: Follow the overview in Assest List previously | D15: Yes | E15: management tool | F15: Yes | G15: [Wireless Router] How to save System Log in my ASUS router? | Official Support | ASUS Global | H15: Yes | I15: Radio or wired | J15: Yes | K15: [Wireless Router] How to save System Log in my ASUS router? | Official Support | ASUS Global | L15: No
A16: NetworkAsset-17 | B16: Traffic Policies (Allow Broadcast/Multicast Traffic, MAC/IP Traffic Filters, Traffic Prioritization ) | C16: Follow the overview in Assest List previously | D16: Yes | E16: management tool | F16: Yes | G16: [Wireless Router] How to set up IPTV on ASUS router? | Official Support | ASUS Global | H16: Yes | I16: Radio or wired | J16: Yes | K16: [Wireless Router] How to set up IPTV on ASUS router? | Official Support | ASUS Global | L16: No
D17: - | F17: - | H17: - | J17: - | L17: -

Sheet SCM-1.SCM
A1: [E.Info.SCM-1.SCM] | D1: Required information
A2: Asset ID | B2: Asset name | C2: Description | D2: [E.Info.SCM-1.SCM.Protocol] | F2: [E.Info.SCM-1.SCM.States] | H2: [E.Info.SCM-1.SCM.SecObjectives] | J2: [E.Info.SCM_x0002_1.SCM.Manage]
D3: Communication protocols where the mechanism is applied (from [E.Info.SCM-1.NetworkInterface.Protocol]) | F3: Equipment states where the communication of security assets documented in [E.Info.SCM-1.SecurityAsset] and network assets documented in [E.Info.SCM_x0002_1.NetworkAsset] occurs | H3: Security objectives considering the intended functionality of the equipment and the analysed threats and potentially successful attack scenarios (e.g., exposure of data, manipulation of data, unauthorised control of the equipment) | J3: Details of the establishment or management procedure
D4: Does this item exist? | E4: Reference evidence. | F4: Does this item exist? | G4: Reference evidence. | H4: Does this item exist? | I4: Reference evidence. | J4: Does this item exist? | K4: Reference evidence. | L4: SGS Verdict
A5: Interface-01 | B5: =Interfaces!B3 | C5: Follow the overview in Assest List previously | D5: Yes | E5: [E.Info.SCM-1.NetworkInterface.Radio] Refer to the QSG | F5: Yes | G5: [communitaion state] Refer to the QSG | H5: Yes | I5: [Against unauthorised control] [Wireless Router] How to access my ASUS router’s web GUI setting page via HTTPS? | Official Support | ASUS Global | J5: Yes | K5: [Wireless Router] How to access my ASUS router’s web GUI setting page via HTTPS? | Official Support | ASUS Global
A6: Interface-02 | B6: LAN Port | C6: Follow the overview in Assest List previously | D6: Yes | E6: [E.Info.SCM-1.NetworkInterface.Wired] Refer to the QSG | F6: Yes | G6: [communication state] Refer to the QSG | H6: NA | I6: Refer to the QSG, LAN port is used in home | J6: Yes | K6: [Wireless Router] How to access my ASUS router’s web GUI setting page via HTTPS? | Official Support | ASUS Global
A7: Interface-03 | B7: WAN Port | C7: Follow the overview in Assest List previously | D7: Yes | E7: [E.Info.SCM-1.NetworkInterface.Wired] Refer to the QSG | F7: Yes | G7: [communication state] Refer to the QSG | H7: Yes | I7: [Against unauthorised control] [Wireless Router] How to access my ASUS router’s web GUI setting page via HTTPS? | Official Support | ASUS Global | J7: Yes | K7: [Wireless Router] How to access my ASUS router’s web GUI setting page via HTTPS? | Official Support | ASUS Global
A8: SecurityAsset-01 | B8: AP management websit password authentication | C8: Follow the overview in Assest List previously | D8: Yes | E8: [Wireless Router] How to access my ASUS router’s web GUI setting page via HTTPS? | Official Support | ASUS Global | F8: Yes | G8: [communication state] [Wireless Router] How to access my ASUS router’s web GUI setting page via HTTPS? | Official Support | ASUS Global | H8: Yes | I8: [against unauthorised control] [Windows 11/10] Connect to a Wi-Fi network | Official Support | ASUS Global | J8: Yes | K8: [Wireless Router] How to access my ASUS router’s web GUI setting page via HTTPS? | Official Support | ASUS Global
A9: SecurityAsset-02 | B9: Access Point User WiFi network password authentication | C9: Follow the overview in Assest List previously | D9: Yes | E9: [Wireless Router] How to access my ASUS router’s web GUI setting page via HTTPS? | Official Support | ASUS Global | F9: Yes | G9: [pairing state] [Windows 11/10] Connect to a Wi-Fi network | Official Support | ASUS Global | H9: Yes | I9: [against unauthorised control] [Windows 11/10] Connect to a Wi-Fi network | Official Support | ASUS Global | J9: Yes | K9: [Wireless Router] How to access my ASUS router’s web GUI setting page via HTTPS? | Official Support | ASUS Global
A10: SecurityAsset-03 | B10: AP user WiFi network password | C10: Follow the overview in Assest List previously | D10: Yes | E10: [Wireless Router] How to access my ASUS router’s web GUI setting page via HTTPS? | Official Support | ASUS Global | F10: Yes | G10: [pairing state] [Windows 11/10] Connect to a Wi-Fi network | Official Support | ASUS Global | H10: Yes | I10: [against unauthorised control] [Windows 11/10] Connect to a Wi-Fi network | Official Support | ASUS Global | J10: Yes | K10: [Wireless Router] How to access my ASUS router’s web GUI setting page via HTTPS? | Official Support | ASUS Global
A11: SecurityAsset-04 | B11: AP management websit password | C11: Follow the overview in Assest List previously | D11: Yes | E11: [Wireless Router] How to access my ASUS router’s web GUI setting page via HTTPS? | Official Support | ASUS Global | F11: Yes | G11: [communication state] [Wireless Router] How to access my ASUS router’s web GUI setting page via HTTPS? | Official Support | ASUS Global | H11: Yes | I11: [Against unauthorised control] [Wireless Router] How to access my ASUS router’s web GUI setting page via HTTPS? | Official Support | ASUS Global | J11: Yes | K11: [Wireless Router] How to access my ASUS router’s web GUI setting page via HTTPS? | Official Support | ASUS Global
A12: SecurityAsset-05 | B12: AP management websit | C12: Follow the overview in Assest List previously | D12: Yes | E12: [Wireless Router] How to access my ASUS router’s web GUI setting page via HTTPS? | Official Support | ASUS Global | F12: Yes | G12: [communication state] [Wireless Router] How to access my ASUS router’s web GUI setting page via HTTPS? | Official Support | ASUS Global | H12: Yes | I12: [Against unauthorised control] [Wireless Router] How to access my ASUS router’s web GUI setting page via HTTPS? | Official Support | ASUS Global | J12: Yes | K12: [Wireless Router] How to access my ASUS router’s web GUI setting page via HTTPS? | Official Support | ASUS Global
A13: SecurityAsset-06 | B13: Firmware Update | C13: Follow the overview in Assest List previously | D13: Yes | E13: [Wireless Router] How to update the firmware of your router to the latest version ? (WebGUI) | Official Support | ASUS Global | F13: Yes | G13: [communication state] [Wireless Router] How to update the firmware of your router to the latest version ? (WebGUI) | Official Support | ASUS Global | H13: Yes | I13: [Against unauthorised control] [Wireless Router] How to access my ASUS router’s web GUI setting page via HTTPS? | Official Support | ASUS Global | J13: Yes | K13: [Wireless Router] How to update the firmware of your router to the latest version ? (WebGUI) | Official Support | ASUS Global
A14: SecurityAsset-07 | B14: WPA2/WPA3 personal function | C14: Follow the overview in Assest List previously | D14: Yes | E14: [Windows 11/10] Connect to a Wi-Fi network | Official Support | ASUS Global | F14: Yes | G14: [communication state] [Windows 11/10] Connect to a Wi-Fi network | Official Support | ASUS Global | H14: Yes | I14: [Against unauthorised control] [Wireless Router] How to access my ASUS router’s web GUI setting page via HTTPS? | Official Support | ASUS Global | J14: Yes | K14: [Wireless Router] What is WPA3? What are the advantages of using WPA3? | Official Support | ASUS Global
A15: SecurityAsset-08 | B15: WPA2/WPA3 personal configuration | C15: Follow the overview in Assest List previously | D15: Yes | E15: [Windows 11/10] Connect to a Wi-Fi network | Official Support | ASUS Global | F15: Yes | G15: [communication state] [Windows 11/10] Connect to a Wi-Fi network | Official Support | ASUS Global | H15: Yes | I15: [Against unauthorised control] [Wireless Router] How to access my ASUS router’s web GUI setting page via HTTPS? | Official Support | ASUS Global | J15: Yes | K15: [Wireless Router] What is WPA3? What are the advantages of using WPA3? | Official Support | ASUS Global
A16: SecurityAsset-09 | B16: WPA2/WPA3 personal passphrase | C16: Follow the overview in Assest List previously | D16: Yes | E16: [Windows 11/10] Connect to a Wi-Fi network | Official Support | ASUS Global | F16: Yes | G16: [communication state] [Windows 11/10] Connect to a Wi-Fi network | Official Support | ASUS Global | H16: Yes | I16: [Against unauthorised control] [Wireless Router] How to access my ASUS router’s web GUI setting page via HTTPS? | Official Support | ASUS Global | J16: Yes | K16: [Wireless Router] What is WPA3? What are the advantages of using WPA3? | Official Support | ASUS Global
A17: SecurityAsset-10 | B17: WPA2/WPA3 Enterprise function (Radius function) | C17: Follow the overview in Assest List previously | D17: Yes | E17: [Wireless Router] How to set RADIUS on the wireless of an ASUS router? | Official Support | ASUS Global | F17: Yes | G17: [communication state] [Wireless Router] How to set RADIUS on the wireless of an ASUS router? | Official Support | ASUS Global | H17: Yes | I17: [Against unauthorised control] [Wireless Router] How to access my ASUS router’s web GUI setting page via HTTPS? | Official Support | ASUS Global | J17: Yes | K17: [Wireless Router] How to set RADIUS on the wireless of an ASUS router? | Official Support | ASUS Global
... A19: SecurityAsset-12 | B19: WPA2/WPA3 Enterprise - Radius secret | C19: Follow the overview in Assest List previously | D19: Yes | E19: [Wireless Router] How to set RADIUS on the wireless of an ASUS router? | Official Support | ASUS Global | F19: Yes | G19: [communication state] [Wireless Router] How to set RADIUS on the wireless of an ASUS router? | Official Support | ASUS Global | H19: Yes | I19: [Against unauthorised control] [Wireless Router] How to access my ASUS router’s web GUI setting page via HTTPS? | Official Support | ASUS Global | J19: Yes | K19: [Wireless Router] How to set RADIUS on the wireless of an ASUS router? | Official Support | ASUS Global
A20: SecurityAsset-13 | B20: MAC Filter function | C20: Follow the overview in Assest List previously | D20: No | F20: No | H20: Yes | I20: [Against unauthorised control] [Wireless Router] How to access my ASUS router’s web GUI setting page via HTTPS? | Official Support | ASUS Global | J20: Yes | K20: [Wireless Router] How to access my ASUS router’s web GUI setting page via HTTPS? | Official Support | ASUS Global
A21: SecurityAsset-14 | B21: MAC Filter configuration | C21: Follow the overview in Assest List previously | D21: No | F21: No | H21: Yes | I21: [Against unauthorised control] [Wireless Router] How to access my ASUS router’s web GUI setting page via HTTPS? | Official Support | ASUS Global | J21: Yes | K21: [Wireless Router] How to access my ASUS router’s web GUI setting page via HTTPS? | Official Support | ASUS Global
A22: SecurityAsset-15 | B22: MAC Filter table | C22: Follow the overview in Assest List previously | D22: No | F22: No | H22: Yes | I22: [Against unauthorised control] [Wireless Router] How to access my ASUS router’s web GUI setting page via HTTPS? | Official Support | ASUS Global | J22: Yes | K22: [Wireless Router] How to access my ASUS router’s web GUI setting page via HTTPS? | Official Support | ASUS Global
A23: SecurityAsset-16 | B23: DoS protect mechanism | C23: Follow the overview in Assest List previously | D23: No | F23: No | H23: Yes | I23: [Against unauthorised control] [Wireless Router] How to access my ASUS router’s web GUI setting page via HTTPS? | Official Support | ASUS Global | J23: Yes | K23: [Wireless Router] How to access my ASUS router’s web GUI setting page via HTTPS? | Official Support | ASUS Global
A24: SecurityAsset-17 | B24: Firewall | C24: Follow the overview in Assest List previously | D24: No | F24: No | H24: Yes | I24: [Against unauthorised control] [Wireless Router] How to access my ASUS router’s web GUI setting page via HTTPS? | Official Support | ASUS Global | J24: Yes | K24: [Wireless Router] How to access my ASUS router’s web GUI setting page via HTTPS? | Official Support | ASUS Global
A25: NetworkAsset-01 | B25: WiFi | C25: Follow the overview in Assest List previously | D25: Yes | E25: [Wireless Router] How to modify Wireless(WiFi) Name and Password in ASUS Router? | Official Support | ASUS Global | F25: Yes | G25: [communication state] [Wireless Router] How to modify Wireless(WiFi) Name and Password in ASUS Router? | Official Support | ASUS Global | H25: Yes | I25: [against unauthorised control] [Wireless Router] How to modify Wireless(WiFi) Name and Password in ASUS Router? | Official Support | ASUS Global | J25: Yes | K25: [Wireless Router] How to modify Wireless(WiFi) Name and Password in ASUS Router? | Official Support | ASUS Global
A26: NetworkAsset-03 | B26: WiFi configuration | C26: Follow the overview in Assest List previously | D26: Yes | E26: [Wireless Router] How to modify Wireless(WiFi) Name and Password in ASUS Router? | Official Support | ASUS Global | F26: Yes | G26: [communication state] [Wireless Router] How to modify Wireless(WiFi) Name and Password in ASUS Router? | Official Support | ASUS Global | H26: Yes | I26: [Against unauthorised control] [Wireless Router] How to access my ASUS router’s web GUI setting page via HTTPS? | Official Support | ASUS Global | J26: Yes | K26: [Wireless Router] How to modify Wireless(WiFi) Name and Password in ASUS Router? | Official Support | ASUS Global
A27: NetworkAsset-06 | B27: UPnP configuration | C27: Follow the overview in Assest List previously | D27: Yes | E27: [Wireless] How to make my router more secure? | Official Support | ASUS Global | F27: Yes | G27: [communication state] [Wireless] How to make my router more secure? | Official Support | ASUS Global | H27: Yes | I27: [Against unauthorised control] [Wireless Router] How to access my ASUS router’s web GUI setting page via HTTPS? | Official Support | ASUS Global | J27: Yes | K27: [Wireless] How to make my router more secure? | Official Support | ASUS Global
A28: NetworkAsset-08 | B28: IPv4 settings configuration | C28: Follow the overview in Assest List previously | D28: Yes | E28: [Wireless Router] How to set up an Internet Connection?(WAN connection types) | Official Support | ASUS Global | F28: Yes | G28: [communication state] [Wireless Router] How to set up an Internet Connection?(WAN connection types) | Official Support | ASUS Global | H28: Yes | I28: [Against unauthorised control] [Wireless Router] How to access my ASUS router’s web GUI setting page via HTTPS? | Official Support | ASUS Global | J28: Yes | K28: [Wireless Router] How to set up an Internet Connection?(WAN connection types) | Official Support | ASUS Global
A29: NetworkAsset-10 | B29: Wireless setting configuration | C29: Follow the overview in Assest List previously | D29: Yes | E29: [Wireless Router] How to modify Wireless(WiFi) Name and Password in ASUS Router? | Official Support | ASUS Global | F29: Yes | G29: [communication state] [Wireless Router] How to modify Wireless(WiFi) Name and Password in ASUS Router? | Official Support | ASUS Global | H29: Yes | I29: [Against unauthorised control] [Wireless Router] How to access my ASUS router’s web GUI setting page via HTTPS? | Official Support | ASUS Global | J29: Yes | K29: [Wireless Router] How to modify Wireless(WiFi) Name and Password in ASUS Router? | Official Support | ASUS Global
A30: NetworkAsset-11 | B30: Tools function (Ping, Traceroute, NsLookup, Speed Test, LED) | C30: Follow the overview in Assest List previously | D30: Yes | E30: [Network Tools] How to use Network Analysis(Ping, Traceroute, nslookup) in ASUS Router? | Official Support | ASUS Global | F30: Yes | G30: [communication state] [Network Tools] How to use Network Analysis(Ping, Traceroute, nslookup) in ASUS Router? | Official Support | ASUS Global | H30: Yes | I30: [Against unauthorised control] [Wireless Router] How to access my ASUS router’s web GUI setting page via HTTPS? | Official Support | ASUS Global | J30: Yes | K30: [Network Tools] How to use Network Analysis(Ping, Traceroute, nslookup) in ASUS Router? | Official Support | ASUS Global
A31: NetworkAsset-12 | B31: Tools configuration (Ping, Traceroute, NsLookup, Speed Test, LED) | C31: Follow the overview in Assest List previously | D31: Yes | E31: [Network Tools] How to use Network Analysis(Ping, Traceroute, nslookup) in ASUS Router? | Official Support | ASUS Global | F31: Yes | G31: [communication state] [Network Tools] How to use Network Analysis(Ping, Traceroute, nslookup) in ASUS Router? | Official Support | ASUS Global | H31: Yes | I31: [Against unauthorised control] [Wireless Router] How to access my ASUS router’s web GUI setting page via HTTPS? | Official Support | ASUS Global | J31: Yes | K31: [Network Tools] How to use Network Analysis(Ping, Traceroute, nslookup) in ASUS Router? | Official Support | ASUS Global
A32: NetworkAsset-13 | B32: Backup/Restore Function | C32: Follow the overview in Assest List previously | D32: Yes | E32: [Wireless Router] How to upload the configuration files of my ASUS router? | Official Support | ASUS Global | F32: Yes | G32: [communication state] [Wireless Router] How to upload the configuration files of my ASUS router? | Official Support | ASUS Global | H32: Yes | I32: [Against unauthorised control] [Wireless Router] How to access my ASUS router’s web GUI setting page via HTTPS? | Official Support | ASUS Global | J32: Yes | K32: [Wireless Router] How to upload the configuration files of my ASUS router? | Official Support | ASUS Global
A33: NetworkAsset-14 | B33: Backup/Restore Settings | C33: Follow the overview in Assest List previously | D33: Yes | E33: [Wireless Router] How to upload the configuration files of my ASUS router? | Official Support | ASUS Global | F33: Yes | G33: [communication state] [Wireless Router] How to upload the configuration files of my ASUS router? | Official Support | ASUS Global | H33: Yes | I33: [Against unauthorised control] [Wireless Router] How to access my ASUS router’s web GUI setting page via HTTPS? | Official Support | ASUS Global | J33: Yes | K33: [Wireless Router] How to upload the configuration files of my ASUS router? | Official Support | ASUS Global
A34: NetworkAsset-15 | B34: Syslog function | C34: Follow the overview in Assest List previously | D34: Yes | E34: [Wireless Router] How to save System Log in my ASUS router? | Official Support | ASUS Global | F34: Yes | G34: [communication state] [Wireless Router] How to save System Log in my ASUS router? | Official Support | ASUS Global | H34: Yes | I34: [Against unauthorised control] [Wireless Router] How to access my ASUS router’s web GUI setting page via HTTPS? | Official Support | ASUS Global | J34: Yes | K34: [Wireless Router] How to save System Log in my ASUS router? | Official Support | ASUS Global
A35: NetworkAsset-16 | B35: Syslog configuration | C35: Follow the overview in Assest List previously | D35: Yes | E35: [Wireless Router] How to save System Log in my ASUS router? | Official Support | ASUS Global | F35: Yes | G35: [communication state] [Wireless Router] How to save System Log in my ASUS router? | Official Support | ASUS Global | H35: Yes | I35: [Against unauthorised control] [Wireless Router] How to access my ASUS router’s web GUI setting page via HTTPS? | Official Support | ASUS Global | J35: Yes | K35: [Wireless Router] How to save System Log in my ASUS router? | Official Support | ASUS Global
A36: NetworkAsset-17 | B36: Traffic Policies (Allow Broadcast/Multicast Traffic, MAC/IP Traffic Filters, Traffic Prioritization ) | C36: Follow the overview in Assest List previously | D36: Yes | E36: [Wireless Router] How to set up IPTV on ASUS router? | Official Support | ASUS Global | F36: Yes | G36: [communication state] [Wireless Router] How to set up IPTV on ASUS router? | Official Support | ASUS Global | H36: Yes | I36: [Against unauthorised control] [Wireless Router] How to access my ASUS router’s web GUI setting page via HTTPS? | Official Support | ASUS Global | J36: Yes | K36: [Wireless Router] How to set up IPTV on ASUS router? | Official Support | ASUS Global

Sheet SCM-2.NetIntf
A1: [E.Info.SCM-2.NetworkInterface] | D1: Required information
A2: Asset ID | B2: Asset name | C2: Description | D2: [E.Info.SCM-2.NetworkInterface.Protocol]
D3: All communication protocols implemented and the modes of operation that are implemented, the version of the protocol and, if applicable, the SW library that is used for the implementation
D4: Does this item exist? | E4: Reference evidence. | F4: SGS Verdict
A5: Interface-01 | B5: =Interfaces!B3 | C5: Follow the overview in Assest List previously | D5: Yes | E5: =Cover!A90
A6: Interface-02 | B6: LAN Port | C6: Follow the overview in Assest List previously | D6: Yes | E6: =Cover!A90
A7: Interface-03 | B7: WAN Port | C7: Follow the overview in Assest List previously | D7: Yes | E7: For DHCP-based WAN connections, the firmware uses standard DHCP client libraries, For PPP-based connections, the implementation uses PPP daemon libraries. For static configurations, the firmware uses standard Linux networking utilities
D8: -
D9: -
D10: -
D11: -
D12: -
D13: -
D14: -
D15: -
D16: -
D17: -
D18: -
D19: -
... D22: -

Sheet SCM-2.SecAsset
A1: [E.Info.SCM-2.SecurityAsset] | E1: Required information | G1: [E.Info.DT.SCM-2] (Conceptual)
A2: Asset ID | B2: Asset name | C2: Description | D2: Implementation categories (IC) | E2: [E.Info.SCM-2.SecurityAsset.Com] | G2: DT.SCM-2.DN-1 | I2: DT.SCM-2.DN-2
D3: [IC.SCM-2.ManufSecret] [IC.SCM-2.SecChanExchange] [IC.SCM-2.PKI-based] [IC.SCM-2.ThirdPartyTrust] [IC.SCM-2.Generic] | E3: Description of the use case where the asset is communicated (e.g. pairing with base station) over a network interface documented in [E.Info.SCM-2.NetworkInterface] | G3: Are best practices applied to protect the integrity and authenticity of the communicated asset? | I3: Is a deviation from best practice for integrity or authenticity protection inevitable for interoperability reasons?
E4: Does this item exist? | F4: Reference evidence. | G4: Decision. | H4: Reference evidence. | I4: Decision. | J4: Reference evidence. | K4: SGS Verdict
A5: SecurityAsset-01 | B5: AP management websit password authentication | C5: Follow the overview in Assest List previously | D5: [IC.SCM-2.ManufSecret] | E5: Yes | F5: Refer to 18031_1 evidence.pptx SecAsset section | G5: Yes | H5: Refer to 18031_1 evidence.pptx SecAsset section | I5: -
A6: SecurityAsset-02 | B6: Access Point User WiFi network password authentication | C6: Follow the overview in Assest List previously | D6: [IC.SCM-2.ManufSecret] | E6: Yes | F6: Refer to 18031_1 evidence.pptx SecAsset section | G6: Yes | H6: Refer to 18031_1 evidence.pptx SecAsset section | I6: -
A7: SecurityAsset-03 | B7: AP user WiFi network password | C7: Follow the overview in Assest List previously | D7: [IC.SCM-2.ManufSecret] | E7: Yes | F7: Refer to 18031_1 evidence.pptx SecAsset section | G7: Yes | H7: Refer to 18031_1 evidence.pptx SecAsset section | I7: -
A8: SecurityAsset-04 | B8: AP management websit password | C8: Follow the overview in Assest List previously | D8: [IC.SCM-2.ManufSecret] | E8: Yes | F8: Refer to 18031_1 evidence.pptx SecAsset section | G8: Yes | H8: Refer to 18031_1 evidence.pptx SecAsset section | I8: -
A9: SecurityAsset-05 | B9: AP management websit | C9: Follow the overview in Assest List previously | D9: [IC.SCM-2.ManufSecret] | E9: Yes | F9: Refer to 18031_1 evidence.pptx SecAsset section | G9: Yes | H9: Refer to 18031_1 evidence.pptx SecAsset section | I9: -
A10: SecurityAsset-06 | B10: Firmware Update | C10: Follow the overview in Assest List previously | D10: [IC.SCM-2.ManufSecret] | E10: Yes | F10: Refer to 18031_1 evidence.pptx SecAsset section | G10: Yes | H10: Refer to 18031_1 evidence.pptx SecAsset section | I10: -
A11: SecurityAsset-07 | B11: WPA2/WPA3 personal function | C11: Follow the overview in Assest List previously | D11: [IC.SCM-2.ManufSecret] | E11: Yes | F11: Refer to 18031_1 evidence.pptx SecAsset section | G11: Yes | H11: Refer to 18031_1 evidence.pptx SecAsset section | I11: -
A12: SecurityAsset-08 | B12: WPA2/WPA3 personal configuration | C12: Follow the overview in Assest List previously | D12: [IC.SCM-2.ManufSecret] | E12: Yes | F12: Refer to 18031_1 evidence.pptx SecAsset section | G12: Yes | H12: Refer to 18031_1 evidence.pptx SecAsset section | I12: -
A13: SecurityAsset-09 | B13: WPA2/WPA3 personal passphrase | C13: Follow the overview in Assest List previously | D13: [IC.SCM-2.ManufSecret] | E13: Yes | F13: Refer to 18031_1 evidence.pptx SecAsset section | G13: Yes | H13: Refer to 18031_1 evidence.pptx SecAsset section | I13: -
A14: SecurityAsset-10 | B14: WPA2/WPA3 Enterprise function (Radius function) | C14: Follow the overview in Assest List previously | D14: [IC.SCM-2.ManufSecret] | E14: Yes | F14: Refer to 18031_1 evidence.pptx SecAsset section | G14: Yes | H14: Refer to 18031_1 evidence.pptx SecAsset section | I14: -
A15: SecurityAsset-11 | B15: WPA2/WPA3 Enterprise configuration (Radius) | C15: Follow the overview in Assest List previously | D15: [IC.SCM-2.ManufSecret] | E15: Yes | F15: Refer to 18031_1 evidence.pptx SecAsset section | G15: Yes | H15: Refer to 18031_1 evidence.pptx SecAsset section | I15: -
A16: SecurityAsset-12 | B16: WPA2/WPA3 Enterprise - Radius secret | C16: Follow the overview in Assest List previously | D16: [IC.SCM-2.ManufSecret] | E16: Yes | F16: Refer to 18031_1 evidence.pptx SecAsset section | G16: Yes | H16: Refer to 18031_1 evidence.pptx SecAsset section | I16: -
... A21: SecurityAsset-17 | B21: Firewall | C21: Follow the overview in Assest List previously | D21: [IC.SCM-2.ManufSecret] | E21: Yes | F21: Refer to 18031_1 evidence.pptx SecAsset section | G21: Yes | H21: Refer to 18031_1 evidence.pptx SecAsset section | I21: -
D22: - | E22: - | G22: - | I22: -

Sheet SCM-2.NetAsset
A1: [E.Info.SCM-2.NetworkAsset] | D1: Required information
A2: Asset ID | B2: Asset name | C2: Description | D2: [E.Info.SCM-2.NetworkAsset.Com]
D3: Description of the use case where the asset is communicated (e.g. pairing with base station) over a network interface documented in [E.Info.SCM-2.NetworkInterface]
D4: Does this item exist? | E4: Reference evidence. | F4: SGS Verdict
A5: NetworkAsset-01 | B5: WiFi | C5: Follow the overview in Assest List previously | D5: Yes | E5: [Wireless Router] How to modify Wireless(WiFi) Name and Password in ASUS Router? | Official Support | ASUS Global
A6: NetworkAsset-03 | B6: WiFi configuration | C6: Follow the overview in Assest List previously | D6: Yes | E6: [Wireless Router] How to modify Wireless(WiFi) Name and Password in ASUS Router? | Official Support | ASUS Global
A7: NetworkAsset-06 | B7: UPnP configuration | C7: Follow the overview in Assest List previously | D7: Yes | E7: [Wireless] How to make my router more secure? | Official Support | ASUS Global
A8: NetworkAsset-08 | B8: IPv4 settings configuration | C8: Follow the overview in Assest List previously | D8: Yes | E8: [Wireless Router] How to set up an Internet Connection?(WAN connection types) | Official Support | ASUS Global
A9: NetworkAsset-10 | B9: Wireless setting configuration | C9: Follow the overview in Assest List previously | D9: Yes | E9: [Wireless Router] How to modify Wireless(WiFi) Name and Password in ASUS Router? | Official Support | ASUS Global
A10: NetworkAsset-11 | B10: Tools function (Ping, Traceroute, NsLookup, Speed Test, LED) | C10: Follow the overview in Assest List previously | D10: Yes | E10: [Network Tools] How to use Network Analysis(Ping, Traceroute, nslookup) in ASUS Router? | Official Support | ASUS Global
A11: NetworkAsset-12 | B11: Tools configuration (Ping, Traceroute, NsLookup, Speed Test, LED) | C11: Follow the overview in Assest List previously | D11: Yes | E11: [Network Tools] How to use Network Analysis(Ping, Traceroute, nslookup) in ASUS Router? | Official Support | ASUS Global
A12: NetworkAsset-13 | B12: Backup/Restore Function | C12: Follow the overview in Assest List previously | D12: Yes | E12: [Wireless Router] How to upload the configuration files of my ASUS router? | Official Support | ASUS Global
A13: NetworkAsset-14 | B13: Backup/Restore Settings | C13: Follow the overview in Assest List previously | D13: Yes | E13: [Wireless Router] How to upload the configuration files of my ASUS router? | Official Support | ASUS Global
A14: NetworkAsset-15 | B14: Syslog function | C14: Follow the overview in Assest List previously | D14: Yes | E14: [Wireless Router] How to save System Log in my ASUS router? | Official Support | ASUS Global
A15: NetworkAsset-16 | B15: Syslog configuration | C15: Follow the overview in Assest List previously | D15: Yes | E15: [Wireless Router] How to save System Log in my ASUS router? | Official Support | ASUS Global
A16: NetworkAsset-17 | B16: Traffic Policies (Allow Broadcast/Multicast Traffic, MAC/IP Traffic Filters, Traffic Prioritization ) | C16: Follow the overview in Assest List previously | D16: Yes | E16: [Wireless Router] How to set up IPTV on ASUS router? | Official Support | ASUS Global
D17: -

Sheet SCM-2.SCM
A1: [E.Info.SCM-2.SCM] | D1: Required information
A2: Asset ID | B2: Asset name | C2: Description | D2: [E.Info.SCM-2.SCM.Capabilities] | F2: [E.Info.SCM_x0002_2.SCM.ManufSecret] | H2: [E.Info.SCM_x0002_2.SCM.SecChanExchange] | J2: [E.Info.SCM-2.SCM.PKI-based] | L2: [E.Info.SCM_x0002_2.SCM.ThirdPartyTrust] | N2: [E.Info.SCM-2.SCM.Generic] | P2: [E.Info.SCM-2.SCM.ImplDetail] | R2: [E.Info.SCM-2.SCM.CCK] | T2: [E.Info.SCM-2.SCM.ThreatProtection]
D3: Description of the security mechanisms and cryptographic modes that are used to protect the integrity and authenticity of security assets documented in [E.Info.SCM-2.SecurityAsset] or network assets documented in [E.Info.SCM_x0002_2.NetworkAsset] while communicated over network interfaces security | F3: Description of how the initial trust is achieved for integrity and authenticity protection and how it is implemented in the protocol documented in [E.Info.SCM_x0002_2.NetworkInterface.Protocol] | H3: Description of how the second channel is realized and how the secret is used for integrity and authenticity protection and how it is implemented in the protocol documented in [E.Info.SCM-2.NetworkInterface.Protocol] | J3: Description of how the PKI-certificates are validated and how this is implemented for integrity and authenticity protection in the protocol documented in [E.Info.SCM_x0002_2.NetworkInterface.Protocol] | L3: Description of how the existing trust relation to a third party which confirms the authenticity of the secret is realized and how this is implemented for integrity and authenticity protection in the protocol documented in [E.Info.SCM_x0002_2.NetworkInterface.Protocol] | N3: Description of how integrity and authenticity protection is realized in the protocol documented in [E.Info.SCM-2.NetworkInterface.Protocol] | P3: Refer to versioned standards or specifications where the selected implementation category is defined and, if applicable, the SW library that is used for the implementation | R3: The description of the properties of the confidential cryptographic keys used for integrity and authenticity protection (see CRY-1) | T3: The description on how the mechanism protects against the following security threats: o Spoofing; and o Tampering
D4: Does this item exist? | E4: Reference evidence. | F4: Does this item exist? | G4: Reference evidence. | H4: Does this item exist? | I4: Reference evidence. | J4: Does this item exist? | K4: Reference evidence. | L4: Does this item exist? | M4: Reference evidence. | N4: Does this item exist? | O4: Reference evidence. | P4: Does this item exist? | Q4: Reference evidence. | R4: Does this item exist? | S4: Reference evidence. | T4: Does this item exist? | U4: Reference evidence. | V4: SGS Verdict
A5: Interface-01 | B5: =Interfaces!B3 | C5: Follow the overview in Assest List previously | D5: Yes | E5: Refer to Refer to 18031_1 evidence.pptx SCM-2.SCM section | F5: Yes | G5: Refer to Refer to 18031_1 evidence.pptx SCM-2.SCM section | H5: Yes | I5: Refer to Refer to 18031_1 evidence.pptx SCM-2.SCM section | J5: NA | L5: NA | N5: Yes | O5: Refer to Refer to 18031_1 evidence.pptx SCM-2.SCM section | P5: Yes | Q5: Refer to Refer to 18031_1 evidence.pptx SCM-2.SCM section | R5: Yes | S5: Refer to Refer to 18031_1 evidence.pptx SCM-2.SCM section | T5: Yes | U5: Refer to Refer to 18031_1 evidence.pptx SCM-2.SCM section
A6: Interface-02 | B6: LAN Port | C6: Follow the overview in Assest List previously | D6: Yes | E6: Refer to Refer to 18031_1 evidence.pptx SCM-2.SCM section | F6: Yes | G6: Refer to Refer to 18031_1 evidence.pptx SCM-2.SCM section | H6: Yes | I6: Refer to Refer to 18031_1 evidence.pptx SCM-2.SCM section | J6: NA | L6: NA | N6: Yes | O6: Refer to Refer to 18031_1 evidence.pptx SCM-2.SCM section | P6: Yes | Q6: Refer to Refer to 18031_1 evidence.pptx SCM-2.SCM section | R6: Yes | S6: Refer to Refer to 18031_1 evidence.pptx SCM-2.SCM section | T6: Yes | U6: Refer to Refer to 18031_1 evidence.pptx SCM-2.SCM section
A7: Interface-03 | B7: WAN Port | C7: Follow the overview in Assest List previously | D7: Yes | E7: Refer to Refer to 18031_1 evidence.pptx SCM-2.SCM section | F7: Yes | G7: Refer to Refer to 18031_1 evidence.pptx SCM-2.SCM section | H7: Yes | I7: Refer to Refer to 18031_1 evidence.pptx SCM-2.SCM section | J7: Yes | K7: Refer to Refer to 18031_1 evidence.pptx SCM-2.SCM section | L7: Yes | M7: Refer to Refer to 18031_1 evidence.pptx SCM-2.SCM section | N7: Yes | O7: Refer to Refer to 18031_1 evidence.pptx SCM-2.SCM section | P7: Yes | Q7: Refer to Refer to 18031_1 evidence.pptx SCM-2.SCM section | R7: Yes | S7: Refer to Refer to 18031_1 evidence.pptx SCM-2.SCM section | T7: Yes | U7: Refer to Refer to 18031_1 evidence.pptx SCM-2.SCM section
A8: SecurityAsset-01 | B8: AP management websit password authentication | C8: Follow the overview in Assest List previously | D8: Yes | E8: Refer to Refer to 18031_1 evidence.pptx SCM-2.SCM section | F8: Yes | G8: Refer to Refer to 18031_1 evidence.pptx SCM-2.SCM section | H8: Yes | I8: Refer to Refer to 18031_1 evidence.pptx SCM-2.SCM section | J8: Yes | K8: Refer to Refer to 18031_1 evidence.pptx SCM-2.SCM section | L8: Yes | M8: Refer to Refer to 18031_1 evidence.pptx SCM-2.SCM section | N8: Yes | O8: Refer to Refer to 18031_1 evidence.pptx SCM-2.SCM section | P8: Yes | Q8: Refer to Refer to 18031_1 evidence.pptx SCM-2.SCM section | R8: Yes | S8: Refer to Refer to 18031_1 evidence.pptx SCM-2.SCM section | T8: Yes | U8: Refer to Refer to 18031_1 evidence.pptx SCM-2.SCM section
A9: SecurityAsset-02 | B9: Access Point User WiFi network password authentication | C9: Follow the overview in Assest List previously | D9: Yes | E9: Refer to Refer to 18031_1 evidence.pptx SCM-2.SCM section | F9: Yes | G9: Refer to Refer to 18031_1 evidence.pptx SCM-2.SCM section | H9: Yes | I9: Refer to Refer to 18031_1 evidence.pptx SCM-2.SCM section | J9: NA | L9: NA | N9: Yes | O9: Refer to Refer to 18031_1 evidence.pptx SCM-2.SCM section | P9: Yes | Q9: Refer to Refer to 18031_1 evidence.pptx SCM-2.SCM section | R9: Yes | S9: Refer to Refer to 18031_1 evidence.pptx SCM-2.SCM section | T9: Yes | U9: Refer to Refer to 18031_1 evidence.pptx SCM-2.SCM section
A10: SecurityAsset-03 | B10: AP user WiFi network password | C10: Follow the overview in Assest List previously | D10: Yes | E10: Refer to Refer to 18031_1 evidence.pptx SCM-2.SCM section | F10: Yes | G10: Refer to Refer to 18031_1 evidence.pptx SCM-2.SCM section | H10: Yes | I10: Refer to Refer to 18031_1 evidence.pptx SCM-2.SCM section | J10: NA | L10: NA | N10: Yes | O10: Refer to Refer to 18031_1 evidence.pptx SCM-2.SCM section | P10: Yes | Q10: Refer to Refer to 18031_1 evidence.pptx SCM-2.SCM section | R10: Yes | S10: Refer to Refer to 18031_1 evidence.pptx SCM-2.SCM section | T10: Yes | U10: Refer to Refer to 18031_1 evidence.pptx SCM-2.SCM section
A11: SecurityAsset-04 | B11: AP management websit password | C11: Follow the overview in Assest List previously | D11: Yes | E11: Refer to Refer to 18031_1 evidence.pptx SCM-2.SCM section | F11: Yes | G11: Refer to Refer to 18031_1 evidence.pptx SCM-2.SCM section | H11: Yes | I11: Refer to Refer to 18031_1 evidence.pptx SCM-2.SCM section | J11: Yes | K11: Refer to Refer to 18031_1 evidence.pptx SCM-2.SCM section | L11: Yes | M11: Refer to Refer to 18031_1 evidence.pptx SCM-2.SCM section | N11: Yes | O11: Refer to Refer to 18031_1 evidence.pptx SCM-2.SCM section | P11: Yes | Q11: Refer to Refer to 18031_1 evidence.pptx SCM-2.SCM section | R11: Yes | S11: Refer to Refer to 18031_1 evidence.pptx SCM-2.SCM section | T11: Yes | U11: Refer to Refer to 18031_1 evidence.pptx SCM-2.SCM section
A12: SecurityAsset-05 | B12: AP management websit | C12: Follow the overview in Assest List previously | D12: Yes | E12: Refer to Refer to 18031_1 evidence.pptx SCM-2.SCM section | F12: Yes | G12: Refer to Refer to 18031_1 evidence.pptx SCM-2.SCM section | H12: Yes | I12: Refer to Refer to 18031_1 evidence.pptx SCM-2.SCM section | J12: NA | L12: Yes | M12: Refer to Refer to 18031_1 evidence.pptx SCM-2.SCM section | N12: Yes | O12: Refer to Refer to 18031_1 evidence.pptx SCM-2.SCM section | P12: Yes | Q12: Refer to Refer to 18031_1 evidence.pptx SCM-2.SCM section | R12: Yes | S12: Refer to Refer to 18031_1 evidence.pptx SCM-2.SCM section | T12: Yes | U12: Refer to Refer to 18031_1 evidence.pptx SCM-2.SCM section
A13: SecurityAsset-06 | B13: Firmware Update | C13: Follow the overview in Assest List previously | D13: Yes | E13: Refer to Refer to 18031_1 evidence.pptx SCM-2.SCM section | F13: Yes | G13: Refer to Refer to 18031_1 evidence.pptx SCM-2.SCM section | H13: Yes | I13: Refer to Refer to 18031_1 evidence.pptx SCM-2.SCM section | J13: Yes | K13: Refer to Refer to 18031_1 evidence.pptx SCM-2.SCM section | L13: Yes | M13: Refer to Refer to 18031_1 evidence.pptx SCM-2.SCM section | N13: Yes | O13: Refer to Refer to 18031_1 evidence.pptx SCM-2.SCM section | P13: Yes | Q13: Refer to Refer to 18031_1 evidence.pptx SCM-2.SCM section | R13: Yes | S13: Refer to Refer to 18031_1 evidence.pptx SCM-2.SCM section | T13: Yes | U13: Refer to Refer to 18031_1 evidence.pptx SCM-2.SCM section
A14: SecurityAsset-07 | B14: WPA2/WPA3 personal function | C14: Follow the overview in Assest List previously | D14: Yes | E14: Refer to Refer to 18031_1 evidence.pptx SCM-2.SCM section | F14: Yes | G14: Refer to Refer to 18031_1 evidence.pptx SCM-2.SCM section | H14: Yes | I14: Refer to Refer to 18031_1 evidence.pptx SCM-2.SCM section | J14: NA | L14: NA | N14: Yes | O14: Refer to Refer to 18031_1 evidence.pptx SCM-2.SCM section | P14: Yes | Q14: Refer to Refer to 18031_1 evidence.pptx SCM-2.SCM section | R14: Yes | S14: Refer to Refer to 18031_1 evidence.pptx SCM-2.SCM section | T14: Yes | U14: Refer to Refer to 18031_1 evidence.pptx SCM-2.SCM section
A15: SecurityAsset-08 | B15: WPA2/WPA3 personal configuration | C15: Follow the overview in Assest List previously | D15: Yes | E15: Refer to Refer to 18031_1 evidence.pptx SCM-2.SCM section | F15: Yes | G15: Refer to Refer to 18031_1 evidence.pptx SCM-2.SCM section | H15: Yes | I15: Refer to Refer to 18031_1 evidence.pptx SCM-2.SCM section | J15: NA | L15: NA | N15: Yes | O15: Refer to Refer to 18031_1 evidence.pptx SCM-2.SCM section | P15: Yes | Q15: Refer to Refer to 18031_1 evidence.pptx SCM-2.SCM section | R15: Yes | S15: Refer to Refer to 18031_1 evidence.pptx SCM-2.SCM section | T15: Yes | U15: Refer to Refer to 18031_1 evidence.pptx SCM-2.SCM section
A16: SecurityAsset-09 | B16: WPA2/WPA3 personal passphrase | C16: Follow the overview in Assest List previously | D16: Yes | E16: Refer to Refer to 18031_1 evidence.pptx SCM-2.SCM section | F16: Yes | G16: Refer to Refer to 18031_1 evidence.pptx SCM-2.SCM section | H16: Yes | I16: Refer to Refer to 18031_1 evidence.pptx SCM-2.SCM section | J16: NA | L16: NA | N16: Yes | O16: Refer to Refer to 18031_1 evidence.pptx SCM-2.SCM section | P16: Yes | Q16: Refer to Refer to 18031_1 evidence.pptx SCM-2.SCM section | R16: Yes | S16: Refer to Refer to 18031_1 evidence.pptx SCM-2.SCM section | T16: Yes | U16: Refer to Refer to 18031_1 evidence.pptx SCM-2.SCM section
A17: SecurityAsset-10 | B17: WPA2/WPA3 Enterprise function (Radius function) | C17: Follow the overview in Assest List previously | D17: Yes | E17: Refer to Refer to 18031_1 evidence.pptx SCM-2.SCM section | F17: Yes | G17: Refer to Refer to 18031_1 evidence.pptx SCM-2.SCM section | H17: Yes | I17: Refer to Refer to 18031_1 evidence.pptx SCM-2.SCM section | J17: NA | L17: Yes | M17: Refer to Refer to 18031_1 evidence.pptx SCM-2.SCM section | N17: Yes | O17: Refer to Refer to 18031_1 evidence.pptx SCM-2.SCM section | P17: Yes | Q17: Refer to Refer to 18031_1 evidence.pptx SCM-2.SCM section | R17: Yes | S17: Refer to Refer to 18031_1 evidence.pptx SCM-2.SCM section | T17: Yes | U17: Refer to Refer to 18031_1 evidence.pptx SCM-2.SCM section
A18: SecurityAsset-11 | B18: WPA2/WPA3 Enterprise configuration (Radius) | C18: Follow the overview in Assest List previously | D18: Yes | E18: Refer to Refer to 18031_1 evidence.pptx SCM-2.SCM section | F18: Yes | G18: Refer to Refer to 18031_1 evidence.pptx SCM-2.SCM section | H18: Yes | I18: Refer to Refer to 18031_1 evidence.pptx SCM-2.SCM section | J18: NA | L18: Yes | M18: Refer to Refer to 18031_1 evidence.pptx SCM-2.SCM section | N18: Yes | O18: Refer to Refer to 18031_1 evidence.pptx SCM-2.SCM section | P18: Yes | Q18: Refer to Refer to 18031_1 evidence.pptx SCM-2.SCM section | R18: Yes | S18: Refer to Refer to 18031_1 evidence.pptx SCM-2.SCM section | T18: Yes | U18: Refer to Refer to 18031_1 evidence.pptx SCM-2.SCM section
A19: SecurityAsset-12 | B19: WPA2/WPA3 Enterprise - Radius secret | C19: Follow the overview in Assest List previously | D19: Yes | E19: Refer to Refer to 18031_1 evidence.pptx SCM-2.SCM section | F19: Yes | G19: Refer to Refer to 18031_1 evidence.pptx SCM-2.SCM section | H19: Yes | I19: Refer to Refer to 18031_1 evidence.pptx SCM-2.SCM section | J19: NA | L19: Yes | M19: Refer to Refer to 18031_1 evidence.pptx SCM-2.SCM section | N19: Yes | O19: Refer to Refer to 18031_1 evidence.pptx SCM-2.SCM section | P19: Yes | Q19: Refer to Refer to 18031_1 evidence.pptx SCM-2.SCM section | R19: Yes | S19: Refer to Refer to 18031_1 evidence.pptx SCM-2.SCM section | T19: Yes | U19: Refer to Refer to 18031_1 evidence.pptx SCM-2.SCM section
A20: SecurityAsset-13 | B20: MAC Filter function | C20: Follow the overview in Assest List previously | D20: Yes | E20: Refer to Refer to 18031_1 evidence.pptx SCM-2.SCM section | F20: Yes | G20: Refer to Refer to 18031_1 evidence.pptx SCM-2.SCM section | H20: Yes | I20: Refer to Refer to 18031_1 evidence.pptx SCM-2.SCM section | J20: NA | L20: NA | N20: Yes | O20: Refer to Refer to 18031_1 evidence.pptx SCM-2.SCM section | P20: Yes | Q20: Refer to Refer to 18031_1 evidence.pptx SCM-2.SCM section | R20: Yes | S20: Refer to Refer to 18031_1 evidence.pptx SCM-2.SCM section | T20: Yes | U20: Refer to Refer to 18031_1 evidence.pptx SCM-2.SCM section
A21: SecurityAsset-14 | B21: MAC Filter configuration | C21: Follow the overview in Assest List previously | D21: Yes | E21: Refer to Refer to 18031_1 evidence.pptx SCM-2.SCM section | F21: Yes | G21: Refer to Refer to 18031_1 evidence.pptx SCM-2.SCM section | H21: Yes | I21: Refer to Refer to 18031_1 evidence.pptx SCM-2.SCM section | J21: NA | L21: NA | N21: Yes | O21: Refer to Refer to 18031_1 evidence.pptx SCM-2.SCM section | P21: Yes | Q21: Refer to Refer to 18031_1 evidence.pptx SCM-2.SCM section | R21: Yes | S21: Refer to Refer to 18031_1 evidence.pptx SCM-2.SCM section | T21: Yes | U21: Refer to Refer to 18031_1 evidence.pptx SCM-2.SCM section
A22: SecurityAsset-15 | B22: MAC Filter table | C22: Follow the overview in Assest List previously | D22: Yes | E22: Refer to Refer to 18031_1 evidence.pptx SCM-2.SCM section | F22: Yes | G22: Refer to Refer to 18031_1 evidence.pptx SCM-2.SCM section | H22: Yes | I22: Refer to Refer to 18031_1 evidence.pptx SCM-2.SCM section | J22: NA | L22: NA | N22: Yes | O22: Refer to Refer to 18031_1 evidence.pptx SCM-2.SCM section | P22: Yes | Q22: Refer to Refer to 18031_1 evidence.pptx SCM-2.SCM section | R22: Yes | S22: Refer to Refer to 18031_1 evidence.pptx SCM-2.SCM section | T22: Yes | U22: Refer to Refer to 18031_1 evidence.pptx SCM-2.SCM section
A23: SecurityAsset-16 | B23: DoS protect mechanism | C23: Follow the overview in Assest List previously | D23: Yes | E23: Refer to Refer to 18031_1 evidence.pptx SCM-2.SCM section | F23: Yes | G23: Refer to Refer to 18031_1 evidence.pptx SCM-2.SCM section | H23: Yes | I23: Refer to Refer to 18031_1 evidence.pptx SCM-2.SCM section | J23: NA | L23: NA | N23: Yes | O23: Refer to Refer to 18031_1 evidence.pptx SCM-2.SCM section | P23: Yes | Q23: Refer to Refer to 18031_1 evidence.pptx SCM-2.SCM section | R23: Yes | S23: Refer to Refer to 18031_1 evidence.pptx SCM-2.SCM section | T23: Yes | U23: Refer to Refer to 18031_1 evidence.pptx SCM-2.SCM section
A24: SecurityAsset-17 | B24: Firewall | C24: Follow the overview in Assest List previously | D24: Yes | E24: Refer to Refer to 18031_1 evidence.pptx SCM-2.SCM section | F24: Yes | G24: Refer to Refer to 18031_1 evidence.pptx SCM-2.SCM section | H24: Yes | I24: Refer to Refer to 18031_1 evidence.pptx SCM-2.SCM section | J24: NA | L24: NA | N24: Yes | O24: Refer to Refer to 18031_1 evidence.pptx SCM-2.SCM section | P24: Yes | Q24: Refer to Refer to 18031_1 evidence.pptx SCM-2.SCM section | R24: Yes | S24: Refer to Refer to 18031_1 evidence.pptx SCM-2.SCM section | T24: Yes | U24: Refer to Refer to 18031_1 evidence.pptx SCM-2.SCM section
A25: NetworkAsset-01 | B25: WiFi | C25: Follow the overview in Assest List previously | D25: Yes | E25: Refer to Refer to 18031_1 evidence.pptx SCM-2.SCM section | F25: Yes | G25: Refer to Refer to 18031_1 evidence.pptx SCM-2.SCM section | H25: Yes | I25: Refer to Refer to 18031_1 evidence.pptx SCM-2.SCM section | J25: NA | L25: NA | N25: Yes | O25: Refer to Refer to 18031_1 evidence.pptx SCM-2.SCM section | P25: Yes | Q25: Refer to Refer to 18031_1 evidence.pptx SCM-2.SCM section | R25: Yes | S25: Refer to Refer to 18031_1 evidence.pptx SCM-2.SCM section | T25: Yes | U25: Refer to Refer to 18031_1 evidence.pptx SCM-2.SCM section
A26: NetworkAsset-03 | B26: WiFi configuration | C26: Follow the overview in Assest List previously | D26: Yes | E26: Refer to Refer to 18031_1 evidence.pptx SCM-2.SCM section | F26: Yes | G26: Refer to Refer to 18031_1 evidence.pptx SCM-2.SCM section | H26: Yes | I26: Refer to Refer to 18031_1 evidence.pptx SCM-2.SCM section | J26: NA | L26: NA | N26: Yes | O26: Refer to Refer to 18031_1 evidence.pptx SCM-2.SCM section | P26: Yes | Q26: Refer to Refer to 18031_1 evidence.pptx SCM-2.SCM section | R26: Yes | S26: Refer to Refer to 18031_1 evidence.pptx SCM-2.SCM section | T26: Yes | U26: Refer to Refer to 18031_1 evidence.pptx SCM-2.SCM section
A27: NetworkAsset-06 | B27: UPnP configuration | C27: Follow the overview in Assest List previously | D27: Yes | E27: Refer to Refer to 18031_1 evidence.pptx SCM-2.SCM section | F27: Yes | G27: Refer to Refer to 18031_1 evidence.pptx SCM-2.SCM section | H27: Yes | I27: Refer to Refer to 18031_1 evidence.pptx SCM-2.SCM section | J27: NA | L27: NA | N27: Yes | O27: Refer to Refer to 18031_1 evidence.pptx SCM-2.SCM section | P27: Yes | Q27: Refer to Refer to 18031_1 evidence.pptx SCM-2.SCM section | R27: Yes | S27: Refer to Refer to 18031_1 evidence.pptx SCM-2.SCM section | T27: Yes | U27: Refer to Refer to 18031_1 evidence.pptx SCM-2.SCM section
A28: NetworkAsset-08 | B28: IPv4 settings configuration | C28: Follow the overview in Assest List previously | D28: Yes | E28: Refer to Refer to 18031_1 evidence.pptx SCM-2.SCM section | F28: Yes | G28: Refer to Refer to 18031_1 evidence.pptx SCM-2.SCM section | H28: Yes | I28: Refer to Refer to 18031_1 evidence.pptx SCM-2.SCM section | J28: NA | L28: NA | N28: Yes | O28: Refer to Refer to 18031_1 evidence.pptx SCM-2.SCM section | P28: Yes | Q28: Refer to Refer to 18031_1 evidence.pptx SCM-2.SCM section | R28: Yes | S28: Refer to Refer to 18031_1 evidence.pptx SCM-2.SCM section | T28: Yes | U28: Refer to Refer to 18031_1 evidence.pptx SCM-2.SCM section
A29: NetworkAsset-10 | B29: Wireless setting configuration | C29: Follow the overview in Assest List previously | D29: Yes | E29: Refer to Refer to 18031_1 evidence.pptx SCM-2.SCM section | F29: Yes | G29: Refer to Refer to 18031_1 evidence.pptx SCM-2.SCM section | H29: Yes | I29: Refer to Refer to 18031_1 evidence.pptx SCM-2.SCM section | J29: NA | L29: NA | N29: Yes | O29: Refer to Refer to 18031_1 evidence.pptx SCM-2.SCM section | P29: Yes | Q29: Refer to Refer to 18031_1 evidence.pptx SCM-2.SCM section | R29: Yes | S29: Refer to Refer to 18031_1 evidence.pptx SCM-2.SCM section | T29: Yes | U29: Refer to Refer to 18031_1 evidence.pptx SCM-2.SCM section
A30: NetworkAsset-11 | B30: Tools function (Ping, Traceroute, NsLookup, Speed Test, LED) | C30: Follow the overview in Assest List previously | D30: Yes | E30: Refer to Refer to 18031_1 evidence.pptx SCM-2.SCM section | F30: Yes | G30: Refer to Refer to 18031_1 evidence.pptx SCM-2.SCM section | H30: Yes | I30: Refer to Refer to 18031_1 evidence.pptx SCM-2.SCM section | J30: NA | L30: NA | N30: Yes | O30: Refer to Refer to 18031_1 evidence.pptx SCM-2.SCM section | P30: Yes | Q30: Refer to Refer to 18031_1 evidence.pptx SCM-2.SCM section | R30: Yes | S30: Refer to Refer to 18031_1 evidence.pptx SCM-2.SCM section | T30: Yes | U30: Refer to Refer to 18031_1 evidence.pptx SCM-2.SCM section
A31: NetworkAsset-12 | B31: Tools configuration (Ping, Traceroute, NsLookup, Speed Test, LED) | C31: Follow the overview in Assest List previously | D31: Yes | E31: Refer to Refer to 18031_1 evidence.pptx SCM-2.SCM section | F31: Yes | G31: Refer to Refer to 18031_1 evidence.pptx SCM-2.SCM section | H31: Yes | I31: Refer to Refer to 18031_1 evidence.pptx SCM-2.SCM section | J31: NA | L31: NA | N31: Yes | O31: Refer to Refer to 18031_1 evidence.pptx SCM-2.SCM section | P31: Yes | Q31: Refer to Refer to 18031_1 evidence.pptx SCM-2.SCM section | R31: Yes | S31: Refer to Refer to 18031_1 evidence.pptx SCM-2.SCM section | T31: Yes | U31: Refer to Refer to 18031_1 evidence.pptx SCM-2.SCM section
... A36: NetworkAsset-17 | B36: Traffic Policies (Allow Broadcast/Multicast Traffic, MAC/IP Traffic Filters, Traffic Prioritization ) | C36: Follow the overview in Assest List previously | D36: Yes | E36: Refer to Refer to 18031_1 evidence.pptx SCM-2.SCM section | F36: Yes | G36: Refer to Refer to 18031_1 evidence.pptx SCM-2.SCM section | H36: Yes | I36: Refer to Refer to 18031_1 evidence.pptx SCM-2.SCM section | J36: NA | L36: NA | N36: Yes | O36: Refer to Refer to 18031_1 evidence.pptx SCM-2.SCM section | P36: Yes | Q36: Refer to Refer to 18031_1 evidence.pptx SCM-2.SCM section | R36: Yes | S36: Refer to Refer to 18031_1 evidence.pptx SCM-2.SCM section | T36: Yes | U36: Refer to Refer to 18031_1 evidence.pptx SCM-2.SCM section

Sheet SCM-3.SecAsset
A1: [E.Info.SCM-3.SecurityAsset] | E1: Required information | G1: [E.Info.DT.SCM-3] (Conceptual)
A2: Asset ID | B2: Asset name | C2: Description | D2: Implementation categories (IC) | E2: [E.Info.SCM-3.SecurityAsset.Com] | G2: DT.SCM-3.DN-1 | I2: DT.SCM-3.DN-2
D3: [IC.SCM-3.MessageEnc] [IC.SCM-3.ChannelEnc] [IC.SCM-3.Generic] | E3: Description of the use case where the asset is communicated (e.g. pairing with base station) over a network interface documented in [E.Info.SCM-3.NetworkInterface] | G3: Is best practices applied to protect the confidentiality of the communicated asset? | I3: Is a deviation from best practice inevitable for interoperability reasons?
E4: Does this item exist? | F4: Reference evidence. | G4: Decision. | H4: Reference evidence. | I4: Decision. | J4: Reference evidence. | K4: SGS Verdict
A5: SecurityAsset-01 | B5: AP management websit password authentication | C5: Follow the overview in Assest List previously | D5: [IC.SCM-3.ChannelEnc] | E5: Yes | F5: Refer to 18031_1 evidence.pptx Security Flow Diagram section | G5: Yes | H5: Refer to 18031_1 evidence.pptx Security Flow Diagram section | I5: -
A6: SecurityAsset-02 | B6: Access Point User WiFi network password authentication | C6: Follow the overview in Assest List previously | D6: [IC.SCM-3.ChannelEnc] | E6: Yes | F6: Refer to 18031_1 evidence.pptx Security Flow Diagram section | G6: Yes | H6: Refer to 18031_1 evidence.pptx Security Flow Diagram section | I6: -
A7: SecurityAsset-03 | B7: AP user WiFi network password | C7: Follow the overview in Assest List previously | D7: [IC.SCM-3.ChannelEnc] | E7: Yes | F7: Refer to 18031_1 evidence.pptx Security Flow Diagram section | G7: Yes | H7: Refer to 18031_1 evidence.pptx Security Flow Diagram section | I7: -
A8: SecurityAsset-04 | B8: AP management websit password | C8: Follow the overview in Assest List previously | D8: [IC.SCM-3.ChannelEnc] | E8: Yes | F8: Refer to 18031_1 evidence.pptx Security Flow Diagram section | G8: Yes | H8: Refer to 18031_1 evidence.pptx Security Flow Diagram section | I8: -
A9: SecurityAsset-05 | B9: AP management websit | C9: Follow the overview in Assest List previously | D9: - | E9: Yes | F9: Refer to 18031_1 evidence.pptx Security Flow Diagram section | G9: Yes | H9: Refer to 18031_1 evidence.pptx Security Flow Diagram section | I9: -
A10: SecurityAsset-06 | B10: Firmware Update | C10: Follow the overview in Assest List previously | D10: - | E10: Yes | F10: Refer to 18031_1 evidence.pptx Security Flow Diagram section | G10: Yes | H10: Refer to 18031_1 evidence.pptx Security Flow Diagram section | I10: -
A11: SecurityAsset-07 | B11: WPA2/WPA3 personal function | C11: Follow the overview in Assest List previously | D11: [IC.SCM-3.ChannelEnc] | E11: Yes | F11: Refer to 18031_1 evidence.pptx Security Flow Diagram section | G11: Yes | H11: Refer to 18031_1 evidence.pptx Security Flow Diagram section | I11: -
A12: SecurityAsset-08 | B12: WPA2/WPA3 personal configuration | C12: Follow the overview in Assest List previously | D12: [IC.SCM-3.ChannelEnc] | E12: Yes | F12: Refer to 18031_1 evidence.pptx Security Flow Diagram section | G12: Yes | H12: Refer to 18031_1 evidence.pptx Security Flow Diagram section | I12: -
A13: SecurityAsset-09 | B13: WPA2/WPA3 personal passphrase | C13: Follow the overview in Assest List previously | D13: [IC.SCM-3.ChannelEnc] | E13: Yes | F13: Refer to 18031_1 evidence.pptx Security Flow Diagram section | G13: Yes | H13: Refer to 18031_1 evidence.pptx Security Flow Diagram section | I13: -
A14: SecurityAsset-10 | B14: WPA2/WPA3 Enterprise function (Radius function) | C14: Follow the overview in Assest List previously | D14: [IC.SCM-3.ChannelEnc] | E14: Yes | F14: Refer to 18031_1 evidence.pptx Security Flow Diagram section | G14: Yes | H14: Refer to 18031_1 evidence.pptx Security Flow Diagram section | I14: -
A15: SecurityAsset-11 | B15: WPA2/WPA3 Enterprise configuration (Radius) | C15: Follow the overview in Assest List previously | D15: - | E15: Yes | F15: Refer to 18031_1 evidence.pptx Security Flow Diagram section | G15: Yes | H15: Refer to 18031_1 evidence.pptx Security Flow Diagram section | I15: -
A16: SecurityAsset-12 | B16: WPA2/WPA3 Enterprise - Radius secret | C16: Follow the overview in Assest List previously | D16: - | E16: Yes | F16: Refer to 18031_1 evidence.pptx Security Flow Diagram section | G16: Yes | H16: Refer to 18031_1 evidence.pptx Security Flow Diagram section | I16: -
... A21: SecurityAsset-17 | B21: Firewall | C21: Follow the overview in Assest List previously | D21: - | E21: Yes | F21: Refer to 18031_1 evidence.pptx Security Flow Diagram section | G21: Yes | H21: Refer to 18031_1 evidence.pptx Security Flow Diagram section | I21: -
D22: - | E22: - | G22: - | I22: -

Sheet SCM-3.NetAsset
A1: [E.Info.SCM-3.NetworkAsset] | D1: Required information
A2: Asset ID | B2: Asset name | C2: Description | D2: [E.Info.SCM-3.NetworkAsset.Com]
D3: Description of the use case where the asset is communicated (e.g. pairing with base station) over a network interface documented in [E.Info.SCM-3.NetworkInterface]
D4: Does this item exist? | E4: Reference evidence. | F4: SGS Verdict
A5: NetworkAsset-01 | B5: WiFi | C5: Follow the overview in Assest List previously | D5: Yes | E5: [Wireless Router] How to modify Wireless(WiFi) Name and Password in ASUS Router? | Official Support | ASUS Global
A6: NetworkAsset-03 | B6: WiFi configuration | C6: Follow the overview in Assest List previously | D6: Yes | E6: [Wireless Router] How to modify Wireless(WiFi) Name and Password in ASUS Router? | Official Support | ASUS Global
A7: NetworkAsset-06 | B7: UPnP configuration | C7: Follow the overview in Assest List previously | D7: Yes | E7: [Wireless] How to make my router more secure? | Official Support | ASUS Global
A8: NetworkAsset-08 | B8: IPv4 settings configuration | C8: Follow the overview in Assest List previously | D8: Yes | E8: [Wireless Router] How to set up an Internet Connection?(WAN connection types) | Official Support | ASUS Global
A9: NetworkAsset-10 | B9: Wireless setting configuration | C9: Follow the overview in Assest List previously | D9: Yes | E9: [Wireless Router] How to modify Wireless(WiFi) Name and Password in ASUS Router? | Official Support | ASUS Global
A10: NetworkAsset-11 | B10: Tools function (Ping, Traceroute, NsLookup, Speed Test, LED) | C10: Follow the overview in Assest List previously | D10: Yes | E10: [Network Tools] How to use Network Analysis(Ping, Traceroute, nslookup) in ASUS Router? | Official Support | ASUS Global
A11: NetworkAsset-12 | B11: Tools configuration (Ping, Traceroute, NsLookup, Speed Test, LED) | C11: Follow the overview in Assest List previously | D11: Yes | E11: [Network Tools] How to use Network Analysis(Ping, Traceroute, nslookup) in ASUS Router? | Official Support | ASUS Global
A12: NetworkAsset-13 | B12: Backup/Restore Function | C12: Follow the overview in Assest List previously | D12: Yes | E12: [Wireless Router] How to upload the configuration files of my ASUS router? | Official Support | ASUS Global
A13: NetworkAsset-14 | B13: Backup/Restore Settings | C13: Follow the overview in Assest List previously | D13: Yes | E13: [Wireless Router] How to upload the configuration files of my ASUS router? | Official Support | ASUS Global
A14: NetworkAsset-15 | B14: Syslog function | C14: Follow the overview in Assest List previously | D14: Yes | E14: [Wireless Router] How to save System Log in my ASUS router? | Official Support | ASUS Global
A15: NetworkAsset-16 | B15: Syslog configuration | C15: Follow the overview in Assest List previously | D15: Yes | E15: [Wireless Router] How to save System Log in my ASUS router? | Official Support | ASUS Global
A16: NetworkAsset-17 | B16: Traffic Policies (Allow Broadcast/Multicast Traffic, MAC/IP Traffic Filters, Traffic Prioritization ) | C16: Follow the overview in Assest List previously | D16: Yes | E16: [Wireless Router] How to set up IPTV on ASUS router? | Official Support | ASUS Global
D17: -

Sheet SCM-3.NetIntf
A1: [E.Info.SCM-3.NetworkInterface] | D1: Required information
A2: Asset ID | B2: Asset name | C2: Description | D2: [E.Info.SCM-3.NetworkInterface.Protocol]
D3: All communication protocols implemented and the modes of operation that are implemented, the version of the protocol and, if applicable, the SW library that is used for the implementation
D4: Does this item exist? | E4: Reference evidence. | F4: SGS Verdict
A5: Interface-01 | B5: =Interfaces!B3 | C5: Follow the overview in Assest List previously | D5: Yes | E5: =Cover!A90
A6: Interface-02 | B6: LAN Port | C6: Follow the overview in Assest List previously | D6: Yes | E6: =Cover!A90
A7: Interface-03 | B7: WAN Port | C7: Follow the overview in Assest List previously | D7: Yes | E7: For DHCP-based WAN connections, the firmware uses standard DHCP client libraries, For PPP-based connections, the implementation uses PPP daemon libraries. For static configurations, the firmware uses standard Linux networking utilities
D8: -
D9: -
D10: -
D11: -
D12: -
D13: -
D14: -
D15: -
D16: -
D17: -
D18: -
D19: -
... D22: -

Sheet SCM-3.SCM
A1: [E.Info.SCM-3.SCM] | D1: Required information
A2: Asset ID | B2: Asset name | C2: Description | D2: [E.Info.SCM-3.SCM.Capabilities] | F2: [E.Info.SCM-3.MessageEnc] | H2: [E.Info.SCM-3.ChannelEnc] | J2: [E.Info.SCM-3.Generic] | L2: [E.Info.SCM-3.SCM.ImplDetail] | N2: [E.Info.SCM-3.SCM.CCK] | P2: [E.Info.SCM-3.SCM.ThreatProtection]
D3: Description of the security mechanisms and cryptographic modes that are used to protect the confidentiality of security assets documented in [E.Info.SCM-3.SecurityAsset] or network assets documented in [E.Info.SCM-3.NetworkAsset] while communicated over network interfaces | F3: Description of how the content-encryption key is generated and encrypted for confidentiality protection and how it is implemented in the protocol documented in [E.Info.SCM_x0002_3.NetworkInterface.Protocol] | H3: Description of how the session key is generated and used for confidentiality protection and how it is implemented in the protocol documented in [E.Info.SCM_x0002_3.NetworkInterface.Protocol] | J3: Description of how confidentiality protection is realized in the protocol documented in [E.Info.SCM-3.NetworkInterface.Protocol] | L3: : Refer to versioned standards or specifications where the selected implementation category is defined and, if applicable, the SW library that is used for the implementation | N3: The properties of the confidential cryptographic keys used for confidentiality protection (see CRY-1) | P3: How the mechanism at least protects against the following security threats
D4: Does this item exist? | E4: Reference evidence. | F4: Does this item exist? | G4: Reference evidence. | H4: Does this item exist? | I4: Reference evidence. | J4: Does this item exist? | K4: Reference evidence. | L4: Does this item exist? | M4: Reference evidence. | N4: Does this item exist? | O4: Reference evidence. | P4: Does this item exist? | Q4: Reference evidence. | R4: SGS Verdict
A5: Interface-01 | B5: =Interfaces!B3 | C5: Follow the overview in Assest List previously | D5: Yes | E5: Refer to Refer to 18031_1 evidence.pptx SCM-3.SCM section | F5: Yes | G5: Refer to Refer to 18031_1 evidence.pptx SCM-3.SCM section | H5: Yes | I5: Refer to Refer to 18031_1 evidence.pptx SCM-3.SCM section | J5: NA | L5: Yes | M5: Refer to Refer to 18031_1 evidence.pptx SCM-3.SCM section | N5: Yes | O5: Refer to Refer to 18031_1 evidence.pptx SCM-3.SCM section | P5: Yes | Q5: Refer to Refer to 18031_1 evidence.pptx SCM-3.SCM section
A6: Interface-02 | B6: LAN Port | C6: Follow the overview in Assest List previously | D6: Yes | E6: Refer to Refer to 18031_1 evidence.pptx SCM-3.SCM section | F6: Yes | G6: Refer to Refer to 18031_1 evidence.pptx SCM-3.SCM section | H6: Yes | I6: Refer to Refer to 18031_1 evidence.pptx SCM-3.SCM section | J6: NA | L6: Yes | M6: Refer to Refer to 18031_1 evidence.pptx SCM-3.SCM section | N6: Yes | O6: Refer to Refer to 18031_1 evidence.pptx SCM-3.SCM section | P6: Yes | Q6: Refer to Refer to 18031_1 evidence.pptx SCM-3.SCM section
A7: Interface-03 | B7: WAN Port | C7: Follow the overview in Assest List previously | D7: Yes | E7: Refer to Refer to 18031_1 evidence.pptx SCM-3.SCM section | F7: Yes | G7: Refer to Refer to 18031_1 evidence.pptx SCM-3.SCM section | H7: Yes | I7: Refer to Refer to 18031_1 evidence.pptx SCM-3.SCM section | J7: NA | L7: Yes | M7: Refer to Refer to 18031_1 evidence.pptx SCM-3.SCM section | N7: Yes | O7: Refer to Refer to 18031_1 evidence.pptx SCM-3.SCM section | P7: Yes | Q7: Refer to Refer to 18031_1 evidence.pptx SCM-3.SCM section
A8: SecurityAsset-01 | B8: AP management websit password authentication | C8: Follow the overview in Assest List previously | D8: Yes | E8: Refer to Refer to 18031_1 evidence.pptx SCM-3.SCM section | F8: Yes | G8: Refer to Refer to 18031_1 evidence.pptx SCM-3.SCM section | H8: Yes | I8: Refer to Refer to 18031_1 evidence.pptx SCM-3.SCM section | J8: NA | L8: Yes | M8: Refer to Refer to 18031_1 evidence.pptx SCM-3.SCM section | N8: Yes | O8: Refer to Refer to 18031_1 evidence.pptx SCM-3.SCM section | P8: Yes | Q8: Refer to Refer to 18031_1 evidence.pptx SCM-3.SCM section
A9: SecurityAsset-02 | B9: Access Point User WiFi network password authentication | C9: Follow the overview in Assest List previously | D9: Yes | E9: Refer to Refer to 18031_1 evidence.pptx SCM-3.SCM section | F9: Yes | G9: Refer to Refer to 18031_1 evidence.pptx SCM-3.SCM section | H9: Yes | I9: Refer to Refer to 18031_1 evidence.pptx SCM-3.SCM section | J9: NA | L9: Yes | M9: Refer to Refer to 18031_1 evidence.pptx SCM-3.SCM section | N9: Yes | O9: Refer to Refer to 18031_1 evidence.pptx SCM-3.SCM section | P9: Yes | Q9: Refer to Refer to 18031_1 evidence.pptx SCM-3.SCM section
A10: SecurityAsset-03 | B10: AP user WiFi network password | C10: Follow the overview in Assest List previously | D10: Yes | E10: Refer to Refer to 18031_1 evidence.pptx SCM-3.SCM section | F10: Yes | G10: Refer to Refer to 18031_1 evidence.pptx SCM-3.SCM section | H10: Yes | I10: Refer to Refer to 18031_1 evidence.pptx SCM-3.SCM section | J10: NA | L10: Yes | M10: Refer to Refer to 18031_1 evidence.pptx SCM-3.SCM section | N10: Yes | O10: Refer to Refer to 18031_1 evidence.pptx SCM-3.SCM section | P10: Yes | Q10: Refer to Refer to 18031_1 evidence.pptx SCM-3.SCM section
A11: SecurityAsset-04 | B11: AP management websit password | C11: Follow the overview in Assest List previously | D11: Yes | E11: Refer to Refer to 18031_1 evidence.pptx SCM-3.SCM section | F11: Yes | G11: Refer to Refer to 18031_1 evidence.pptx SCM-3.SCM section | H11: Yes | I11: Refer to Refer to 18031_1 evidence.pptx SCM-3.SCM section | J11: NA | L11: Yes | M11: Refer to Refer to 18031_1 evidence.pptx SCM-3.SCM section | N11: Yes | O11: Refer to Refer to 18031_1 evidence.pptx SCM-3.SCM section | P11: Yes | Q11: Refer to Refer to 18031_1 evidence.pptx SCM-3.SCM section
A12: SecurityAsset-05 | B12: AP management websit | C12: Follow the overview in Assest List previously | D12: Yes | E12: Refer to Refer to 18031_1 evidence.pptx SCM-3.SCM section | F12: Yes | G12: Refer to Refer to 18031_1 evidence.pptx SCM-3.SCM section | H12: Yes | I12: Refer to Refer to 18031_1 evidence.pptx SCM-3.SCM section | J12: NA | L12: Yes | M12: Refer to Refer to 18031_1 evidence.pptx SCM-3.SCM section | N12: Yes | O12: Refer to Refer to 18031_1 evidence.pptx SCM-3.SCM section | P12: Yes | Q12: Refer to Refer to 18031_1 evidence.pptx SCM-3.SCM section
A13: SecurityAsset-06 | B13: Firmware Update | C13: Follow the overview in Assest List previously | D13: Yes | E13: Refer to Refer to 18031_1 evidence.pptx SCM-3.SCM section | F13: Yes | G13: Refer to Refer to 18031_1 evidence.pptx SCM-3.SCM section | H13: Yes | I13: Refer to Refer to 18031_1 evidence.pptx SCM-3.SCM section | J13: NA | L13: Yes | M13: Refer to Refer to 18031_1 evidence.pptx SCM-3.SCM section | N13: Yes | O13: Refer to Refer to 18031_1 evidence.pptx SCM-3.SCM section | P13: Yes | Q13: Refer to Refer to 18031_1 evidence.pptx SCM-3.SCM section
A14: SecurityAsset-07 | B14: WPA2/WPA3 personal function | C14: Follow the overview in Assest List previously | D14: Yes | E14: Refer to Refer to 18031_1 evidence.pptx SCM-3.SCM section | F14: Yes | G14: Refer to Refer to 18031_1 evidence.pptx SCM-3.SCM section | H14: Yes | I14: Refer to Refer to 18031_1 evidence.pptx SCM-3.SCM section | J14: NA | L14: Yes | M14: Refer to Refer to 18031_1 evidence.pptx SCM-3.SCM section | N14: Yes | O14: Refer to Refer to 18031_1 evidence.pptx SCM-3.SCM section | P14: Yes | Q14: Refer to Refer to 18031_1 evidence.pptx SCM-3.SCM section
A15: SecurityAsset-08 | B15: WPA2/WPA3 personal configuration | C15: Follow the overview in Assest List previously | D15: Yes | E15: Refer to Refer to 18031_1 evidence.pptx SCM-3.SCM section | F15: Yes | G15: Refer to Refer to 18031_1 evidence.pptx SCM-3.SCM section | H15: Yes | I15: Refer to Refer to 18031_1 evidence.pptx SCM-3.SCM section | J15: NA | L15: Yes | M15: Refer to Refer to 18031_1 evidence.pptx SCM-3.SCM section | N15: Yes | O15: Refer to Refer to 18031_1 evidence.pptx SCM-3.SCM section | P15: Yes | Q15: Refer to Refer to 18031_1 evidence.pptx SCM-3.SCM section
A16: SecurityAsset-09 | B16: WPA2/WPA3 personal passphrase | C16: Follow the overview in Assest List previously | D16: Yes | E16: Refer to Refer to 18031_1 evidence.pptx SCM-3.SCM section | F16: Yes | G16: Refer to Refer to 18031_1 evidence.pptx SCM-3.SCM section | H16: Yes | I16: Refer to Refer to 18031_1 evidence.pptx SCM-3.SCM section | J16: NA | L16: Yes | M16: Refer to Refer to 18031_1 evidence.pptx SCM-3.SCM section | N16: Yes | O16: Refer to Refer to 18031_1 evidence.pptx SCM-3.SCM section | P16: Yes | Q16: Refer to Refer to 18031_1 evidence.pptx SCM-3.SCM section
A17: SecurityAsset-10 | B17: WPA2/WPA3 Enterprise function (Radius function) | C17: Follow the overview in Assest List previously | D17: Yes | E17: Refer to Refer to 18031_1 evidence.pptx SCM-3.SCM section | F17: Yes | G17: Refer to Refer to 18031_1 evidence.pptx SCM-3.SCM section | H17: Yes | I17: Refer to Refer to 18031_1 evidence.pptx SCM-3.SCM section | J17: NA | L17: Yes | M17: Refer to Refer to 18031_1 evidence.pptx SCM-3.SCM section | N17: Yes | O17: Refer to Refer to 18031_1 evidence.pptx SCM-3.SCM section | P17: Yes | Q17: Refer to Refer to 18031_1 evidence.pptx SCM-3.SCM section
... A36: NetworkAsset-17 | B36: Traffic Policies (Allow Broadcast/Multicast Traffic, MAC/IP Traffic Filters, Traffic Prioritization ) | C36: Follow the overview in Assest List previously | D36: Yes | E36: Refer to Refer to 18031_1 evidence.pptx SCM-3.SCM section | F36: Yes | G36: Refer to Refer to 18031_1 evidence.pptx SCM-3.SCM section | H36: Yes | I36: Refer to Refer to 18031_1 evidence.pptx SCM-3.SCM section | J36: NA | L36: Yes | M36: Refer to Refer to 18031_1 evidence.pptx SCM-3.SCM section | N36: Yes | O36: Refer to Refer to 18031_1 evidence.pptx SCM-3.SCM section | P36: Yes | Q36: Refer to Refer to 18031_1 evidence.pptx SCM-3.SCM section

Sheet SCM-4.SecAsset
A1: [E.Info.SCM-4.SecurityAsset] | E1: Required information | G1: [E.Info.DT.SCM-4] (Conceptual)
A2: Asset ID | B2: Asset name | C2: Description | D2: Implementation categories (IC) | E2: [E.Info.SCM-4.SecurityAsset.Com] | G2: DT.SCM-4.DN-1 | I2: DT.SCM-4.DN-2 | K2: DT.SCM-4.DN-3
D3: [IC.SCM-4.SeqNumb] [IC.SCM-4.TimeStamp] [IC.SCM-4.OneTimeEncKey] [IC.SCM-4.Generic] | E3: Description of the use case where the asset is communicated (e.g. pairing with base station) over a network interface documented in [E.Info.SCM-4.NetworkInterface] | G3: Are best practices applied to protect the communicated asset against replay attacks? | I3: Does a duplicate transfer not impose a threat of a replay attack? | K3: Is a deviation from best practice inevitable for interoperability reasons?
